Move,"(749, 864)"
Move,"(749, 864)"
Move,"(749, 863)"
Move,"(750, 863)"
Move,"(750, 862)"
Move,"(750, 862)"
Move,"(750, 861)"
Move,"(751, 861)"
Move,"(751, 860)"
Move,"(752, 860)"
Move,"(752, 859)"
Move,"(753, 858)"
Move,"(754, 858)"
Move,"(755, 857)"
Move,"(755, 857)"
Move,"(755, 856)"
Move,"(756, 856)"
Move,"(757, 856)"
Move,"(757, 855)"
Move,"(758, 855)"
Move,"(759, 855)"
Move,"(760, 855)"
Move,"(760, 854)"
Move,"(761, 854)"
Move,"(762, 853)"
Move,"(762, 853)"
Move,"(763, 853)"
Move,"(765, 852)"
Move,"(765, 852)"
Move,"(766, 852)"
Move,"(767, 852)"
Move,"(767, 851)"
Move,"(769, 851)"
Move,"(770, 850)"
Move,"(770, 850)"
Move,"(771, 850)"
Move,"(772, 850)"
Move,"(773, 850)"
Move,"(773, 849)"
Move,"(774, 849)"
Move,"(775, 849)"
Move,"(776, 848)"
Move,"(777, 848)"
Move,"(778, 847)"
Move,"(778, 847)"
Move,"(780, 847)"
Move,"(781, 847)"
Move,"(781, 847)"
Move,"(782, 847)"
Move,"(783, 846)"
Move,"(783, 846)"
Move,"(784, 846)"
Move,"(785, 845)"
Move,"(786, 845)"
Move,"(787, 845)"
Move,"(788, 845)"
Move,"(788, 845)"
Move,"(790, 845)"
Move,"(790, 844)"
Move,"(792, 844)"
Move,"(792, 843)"
Move,"(793, 843)"
Move,"(794, 843)"
Move,"(795, 843)"
Move,"(796, 842)"
Move,"(797, 842)"
Move,"(797, 842)"
Move,"(799, 842)"
Move,"(800, 842)"
Move,"(801, 841)"
Move,"(802, 841)"
Move,"(803, 840)"
Move,"(804, 840)"
Move,"(805, 840)"
Move,"(806, 839)"
Move,"(807, 839)"
Move,"(808, 839)"
Move,"(809, 838)"
Move,"(810, 838)"
Move,"(812, 837)"
Move,"(812, 836)"
Move,"(814, 836)"
Move,"(816, 835)"
Move,"(817, 835)"
Move,"(818, 834)"
Move,"(819, 834)"
Move,"(820, 833)"
Move,"(822, 832)"
Move,"(822, 832)"
Move,"(823, 831)"
Move,"(825, 830)"
Move,"(826, 829)"
Move,"(827, 829)"
Move,"(829, 828)"
Move,"(830, 827)"
Move,"(831, 826)"
Move,"(832, 826)"
Move,"(833, 825)"
Move,"(834, 824)"
Move,"(835, 823)"
Move,"(836, 823)"
Move,"(837, 822)"
Move,"(838, 821)"
Move,"(839, 820)"
Move,"(840, 819)"
Move,"(841, 818)"
Move,"(842, 818)"
Move,"(843, 817)"
Move,"(844, 816)"
Move,"(845, 814)"
Move,"(845, 814)"
Move,"(847, 813)"
Move,"(848, 811)"
Move,"(849, 810)"
Move,"(849, 809)"
Move,"(850, 808)"
Move,"(851, 807)"
Move,"(852, 805)"
Move,"(852, 804)"
Move,"(854, 803)"
Move,"(855, 800)"
Move,"(856, 799)"
Move,"(857, 797)"
Move,"(858, 796)"
Move,"(859, 794)"
Move,"(860, 792)"
Move,"(862, 791)"
Move,"(862, 789)"
Move,"(863, 787)"
Move,"(864, 785)"
Move,"(865, 784)"
Move,"(866, 781)"
Move,"(868, 779)"
Move,"(869, 778)"
Move,"(869, 776)"
Move,"(870, 774)"
Move,"(871, 772)"
Move,"(872, 771)"
Move,"(873, 769)"
Move,"(874, 766)"
Move,"(875, 765)"
Move,"(875, 762)"
Move,"(875, 760)"
Move,"(877, 758)"
Move,"(877, 757)"
Move,"(878, 755)"
Move,"(879, 752)"
Move,"(880, 751)"
Move,"(881, 749)"
Move,"(882, 746)"
Move,"(882, 745)"
Move,"(882, 743)"
Move,"(883, 740)"
Move,"(883, 738)"
Move,"(884, 737)"
Move,"(885, 735)"
Move,"(885, 732)"
Move,"(886, 731)"
Move,"(886, 729)"
Move,"(887, 727)"
Move,"(887, 726)"
Move,"(888, 724)"
Move,"(888, 722)"
Move,"(888, 721)"
Move,"(889, 718)"
Move,"(889, 717)"
Move,"(889, 715)"
Move,"(889, 713)"
Move,"(889, 712)"
Move,"(889, 709)"
Move,"(889, 707)"
Move,"(889, 706)"
Move,"(889, 704)"
Move,"(889, 703)"
Move,"(889, 701)"
Move,"(889, 699)"
Move,"(889, 698)"
Move,"(889, 696)"
Move,"(889, 695)"
Move,"(889, 693)"
Move,"(889, 691)"
Move,"(889, 690)"
Move,"(889, 688)"
Move,"(888, 686)"
Move,"(887, 684)"
Move,"(887, 682)"
Move,"(887, 681)"
Move,"(886, 680)"
Move,"(886, 677)"
Move,"(886, 676)"
Move,"(886, 674)"
Move,"(885, 672)"
Move,"(885, 671)"
Move,"(885, 669)"
Move,"(884, 667)"
Move,"(884, 666)"
Move,"(884, 664)"
Move,"(884, 662)"
Move,"(884, 661)"
Move,"(884, 658)"
Move,"(883, 656)"
Move,"(883, 655)"
Move,"(882, 653)"
Move,"(881, 651)"
Move,"(881, 650)"
Move,"(881, 648)"
Move,"(881, 647)"
Move,"(880, 644)"
Move,"(879, 643)"
Move,"(879, 642)"
Move,"(879, 640)"
Move,"(878, 638)"
Move,"(878, 637)"
Move,"(877, 635)"
Move,"(876, 633)"
Move,"(876, 632)"
Move,"(875, 630)"
Move,"(875, 628)"
Move,"(874, 627)"
Move,"(874, 626)"
Move,"(873, 624)"
Move,"(873, 623)"
Move,"(873, 622)"
Move,"(872, 620)"
Move,"(872, 620)"
Move,"(871, 618)"
Move,"(870, 616)"
Move,"(870, 616)"
Move,"(869, 614)"
Move,"(869, 613)"
Move,"(869, 612)"
Move,"(868, 610)"
Move,"(867, 609)"
Move,"(867, 607)"
Move,"(866, 606)"
Move,"(866, 605)"
Move,"(866, 604)"
Move,"(865, 602)"
Move,"(864, 601)"
Move,"(864, 600)"
Move,"(863, 598)"
Move,"(862, 597)"
Move,"(862, 596)"
Move,"(861, 594)"
Move,"(861, 594)"
Move,"(859, 592)"
Move,"(859, 591)"
Move,"(858, 590)"
Move,"(858, 588)"
Move,"(857, 588)"
Move,"(856, 586)"
Move,"(856, 585)"
Move,"(855, 584)"
Move,"(854, 583)"
Move,"(853, 581)"
Move,"(853, 581)"
Move,"(852, 579)"
Move,"(851, 578)"
Move,"(850, 577)"
Move,"(850, 576)"
Move,"(848, 575)"
Move,"(847, 573)"
Move,"(847, 572)"
Move,"(846, 571)"
Move,"(845, 570)"
Move,"(844, 568)"
Move,"(843, 567)"
Move,"(842, 567)"
Move,"(842, 565)"
Move,"(841, 564)"
Move,"(840, 564)"
Move,"(839, 563)"
Move,"(838, 562)"
Move,"(837, 561)"
Move,"(836, 561)"
Move,"(836, 559)"
Move,"(835, 558)"
Move,"(834, 558)"
Move,"(834, 557)"
Move,"(833, 556)"
Move,"(832, 556)"
Move,"(831, 555)"
Move,"(831, 554)"
Move,"(830, 553)"
Move,"(829, 553)"
Move,"(829, 552)"
Move,"(828, 551)"
Move,"(827, 551)"
Move,"(826, 551)"
Move,"(826, 550)"
Move,"(825, 549)"
Move,"(824, 548)"
Move,"(824, 548)"
Move,"(823, 548)"
Move,"(822, 547)"
Move,"(821, 546)"
Move,"(821, 546)"
Move,"(820, 546)"
Move,"(819, 545)"
Move,"(819, 544)"
Move,"(818, 543)"
Move,"(817, 543)"
Move,"(817, 543)"
Move,"(816, 543)"
Move,"(816, 542)"
Move,"(815, 541)"
Move,"(814, 541)"
Move,"(814, 541)"
Move,"(814, 541)"
Move,"(813, 540)"
Move,"(812, 540)"
Move,"(812, 540)"
Move,"(811, 539)"
Move,"(810, 538)"
Move,"(809, 538)"
Move,"(809, 538)"
Move,"(808, 538)"
Move,"(807, 538)"
Move,"(807, 538)"
Move,"(806, 537)"
Move,"(805, 537)"
Move,"(804, 536)"
Move,"(804, 536)"
Move,"(803, 536)"
Move,"(802, 536)"
Move,"(802, 535)"
Move,"(801, 535)"
Move,"(800, 535)"
Move,"(799, 534)"
Move,"(799, 534)"
Move,"(798, 534)"
Move,"(797, 534)"
Move,"(797, 534)"
Move,"(796, 534)"
Move,"(795, 534)"
Move,"(794, 533)"
Move,"(794, 533)"
Move,"(793, 533)"
Move,"(793, 532)"
Move,"(792, 532)"
Move,"(792, 532)"
Move,"(791, 532)"
Move,"(790, 532)"
Move,"(789, 532)"
Move,"(789, 531)"
Move,"(789, 531)"
Move,"(788, 531)"
Move,"(788, 531)"
Move,"(787, 531)"
Move,"(787, 531)"
Move,"(786, 531)"
Move,"(785, 530)"
Move,"(784, 530)"
Move,"(784, 530)"
Move,"(784, 529)"
Move,"(783, 529)"
Move,"(783, 529)"
Move,"(782, 529)"
Move,"(782, 528)"
Move,"(781, 527)"
Move,"(780, 527)"
Move,"(780, 526)"
Move,"(780, 526)"
Move,"(780, 526)"
Move,"(779, 526)"
Move,"(779, 525)"
Move,"(778, 525)"
Move,"(778, 524)"
Move,"(777, 524)"
Move,"(777, 524)"
Move,"(777, 524)"
Move,"(777, 523)"
Move,"(777, 522)"
Move,"(776, 522)"
Move,"(776, 521)"
Move,"(776, 521)"
Move,"(775, 520)"
Move,"(775, 519)"
Move,"(775, 519)"
Move,"(775, 518)"
Move,"(775, 517)"
Move,"(775, 517)"
Move,"(775, 516)"
Move,"(775, 516)"
Move,"(775, 515)"
Move,"(775, 514)"
Move,"(774, 514)"
Move,"(774, 513)"
Move,"(774, 512)"
Move,"(773, 511)"
Move,"(773, 511)"
Move,"(773, 510)"
Move,"(773, 509)"
Move,"(773, 509)"
Move,"(773, 508)"
Move,"(772, 507)"
Move,"(772, 506)"
Move,"(772, 506)"
Move,"(772, 505)"
Move,"(772, 504)"
Move,"(772, 504)"
Move,"(772, 503)"
Move,"(772, 502)"
Move,"(772, 502)"
Move,"(772, 501)"
Move,"(772, 500)"
Move,"(772, 499)"
Move,"(772, 498)"
Move,"(772, 497)"
Move,"(772, 496)"
Move,"(772, 495)"
Move,"(772, 494)"
Move,"(772, 494)"
Move,"(772, 493)"
Move,"(772, 492)"
Move,"(772, 491)"
Move,"(772, 491)"
Move,"(772, 490)"
Move,"(772, 488)"
Move,"(772, 488)"
Move,"(772, 487)"
Move,"(772, 486)"
Move,"(772, 485)"
Move,"(772, 484)"
Move,"(772, 483)"
Move,"(772, 482)"
Move,"(772, 481)"
Move,"(772, 480)"
Move,"(772, 479)"
Move,"(772, 478)"
Move,"(772, 478)"
Move,"(772, 477)"
Move,"(772, 475)"
Move,"(772, 475)"
Move,"(772, 473)"
Move,"(772, 472)"
Move,"(772, 472)"
Move,"(772, 470)"
Move,"(772, 469)"
Move,"(773, 469)"
Move,"(774, 467)"
Move,"(774, 466)"
Move,"(774, 466)"
Move,"(774, 465)"
Move,"(774, 464)"
Move,"(775, 463)"
Move,"(775, 462)"
Move,"(775, 461)"
Move,"(776, 461)"
Move,"(777, 459)"
Move,"(777, 458)"
Move,"(777, 457)"
Move,"(777, 456)"
Move,"(778, 455)"
Move,"(778, 455)"
Move,"(778, 454)"
Move,"(779, 453)"
Move,"(779, 452)"
Move,"(780, 451)"
Move,"(780, 450)"
Move,"(780, 449)"
Move,"(780, 449)"
Move,"(780, 448)"
Move,"(781, 447)"
Move,"(781, 446)"
Move,"(782, 445)"
Move,"(782, 444)"
Move,"(782, 443)"
Move,"(783, 442)"
Move,"(783, 441)"
Move,"(784, 441)"
Move,"(784, 440)"
Move,"(785, 439)"
Move,"(785, 439)"
Move,"(785, 437)"
Move,"(786, 436)"
Move,"(786, 436)"
Move,"(787, 435)"
Move,"(787, 434)"
Move,"(788, 433)"
Move,"(788, 433)"
Move,"(788, 432)"
Move,"(789, 431)"
Move,"(790, 430)"
Move,"(791, 428)"
Move,"(791, 427)"
Move,"(792, 427)"
Move,"(793, 426)"
Move,"(793, 425)"
Move,"(794, 425)"
Move,"(795, 424)"
Move,"(796, 423)"
Move,"(796, 422)"
Move,"(797, 422)"
Move,"(798, 421)"
Move,"(798, 420)"
Move,"(799, 420)"
Move,"(800, 419)"
Move,"(801, 418)"
Move,"(801, 417)"
Move,"(802, 417)"
Move,"(803, 417)"
Move,"(803, 417)"
Move,"(804, 416)"
Move,"(805, 415)"
Move,"(806, 415)"
Move,"(807, 414)"
Move,"(808, 414)"
Move,"(809, 413)"
Move,"(809, 412)"
Move,"(810, 412)"
Move,"(811, 412)"
Move,"(811, 412)"
Move,"(812, 411)"
Move,"(813, 410)"
Move,"(814, 410)"
Move,"(814, 410)"
Move,"(815, 410)"
Move,"(816, 409)"
Move,"(816, 408)"
Move,"(817, 408)"
Move,"(818, 407)"
Move,"(818, 407)"
Move,"(819, 406)"
Move,"(820, 405)"
Move,"(821, 405)"
Move,"(821, 405)"
Move,"(822, 404)"
Move,"(823, 403)"
Move,"(823, 402)"
Move,"(823, 402)"
Move,"(824, 401)"
Move,"(825, 400)"
Move,"(826, 400)"
Move,"(826, 399)"
Move,"(827, 399)"
Move,"(828, 398)"
Move,"(828, 397)"
Move,"(829, 397)"
Move,"(830, 396)"
Move,"(831, 395)"
Move,"(831, 395)"
Move,"(832, 394)"
Move,"(834, 393)"
Move,"(834, 392)"
Move,"(835, 392)"
Move,"(836, 392)"
Move,"(836, 392)"
Move,"(837, 391)"
Move,"(838, 390)"
Move,"(839, 390)"
Move,"(840, 389)"
Move,"(841, 389)"
Move,"(842, 389)"
Move,"(843, 389)"
Move,"(845, 388)"
Move,"(845, 388)"
Move,"(846, 388)"
Move,"(848, 387)"
Move,"(849, 386)"
Move,"(850, 386)"
Move,"(852, 386)"
Move,"(853, 385)"
Move,"(854, 385)"
Move,"(856, 385)"
Move,"(856, 385)"
Move,"(859, 385)"
Move,"(859, 385)"
Move,"(861, 384)"
Move,"(862, 384)"
Move,"(863, 384)"
Move,"(865, 383)"
Move,"(867, 383)"
Move,"(868, 383)"
Move,"(869, 382)"
Move,"(870, 382)"
Move,"(872, 382)"
Move,"(874, 381)"
Move,"(875, 381)"
Move,"(876, 381)"
Move,"(877, 381)"
Move,"(879, 381)"
Move,"(880, 380)"
Move,"(881, 380)"
Move,"(882, 380)"
Move,"(884, 380)"
Move,"(885, 379)"
Move,"(887, 379)"
Move,"(888, 379)"
Move,"(889, 378)"
Move,"(891, 378)"
Move,"(891, 378)"
Move,"(894, 378)"
Move,"(895, 378)"
Move,"(896, 377)"
Move,"(898, 377)"
Move,"(899, 377)"
Move,"(901, 377)"
Move,"(903, 376)"
Move,"(903, 376)"
Move,"(905, 376)"
Move,"(907, 375)"
Move,"(908, 375)"
Move,"(910, 375)"
Move,"(912, 375)"
Move,"(914, 374)"
Move,"(916, 374)"
Move,"(917, 374)"
Move,"(920, 373)"
Move,"(922, 373)"
Move,"(923, 373)"
Move,"(926, 372)"
Move,"(929, 372)"
Move,"(930, 372)"
Move,"(932, 372)"
Move,"(935, 372)"
Move,"(937, 371)"
Move,"(939, 371)"
Move,"(942, 371)"
Move,"(944, 370)"
Move,"(946, 370)"
Move,"(949, 369)"
Move,"(951, 369)"
Move,"(953, 368)"
Move,"(956, 368)"
Move,"(957, 368)"
Move,"(961, 367)"
Move,"(963, 367)"
Move,"(966, 366)"
Move,"(968, 366)"
Move,"(971, 365)"
Move,"(974, 365)"
Move,"(975, 364)"
Move,"(978, 364)"
Move,"(982, 363)"
Move,"(983, 363)"
Move,"(986, 362)"
Move,"(989, 362)"
Move,"(992, 362)"
Move,"(994, 362)"
Move,"(996, 361)"
Move,"(1000, 360)"
Move,"(1003, 359)"
Move,"(1005, 358)"
Move,"(1008, 357)"
Move,"(1011, 356)"
Move,"(1014, 355)"
Move,"(1017, 354)"
Move,"(1020, 353)"
Move,"(1023, 351)"
Move,"(1027, 350)"
Move,"(1030, 350)"
Move,"(1032, 349)"
Move,"(1035, 348)"
Move,"(1038, 347)"
Move,"(1042, 346)"
Move,"(1046, 344)"
Move,"(1049, 342)"
Move,"(1051, 341)"
Move,"(1055, 340)"
Move,"(1059, 338)"
Move,"(1062, 337)"
Move,"(1066, 335)"
Move,"(1069, 334)"
Move,"(1074, 331)"
Move,"(1077, 329)"
Move,"(1081, 328)"
Move,"(1084, 326)"
Move,"(1088, 324)"
Move,"(1092, 322)"
Move,"(1096, 320)"
Move,"(1100, 318)"
Move,"(1104, 316)"
Move,"(1107, 314)"
Move,"(1111, 312)"
Move,"(1115, 310)"
Move,"(1118, 307)"
Move,"(1122, 305)"
Move,"(1125, 303)"
Move,"(1129, 301)"
Move,"(1133, 298)"
Move,"(1136, 296)"
Move,"(1140, 294)"
Move,"(1144, 291)"
Move,"(1147, 289)"
Move,"(1150, 287)"
Move,"(1154, 284)"
Move,"(1157, 282)"
Move,"(1160, 280)"
Move,"(1162, 277)"
Move,"(1167, 275)"
Move,"(1168, 274)"
Move,"(1171, 272)"
Move,"(1174, 270)"
Move,"(1178, 268)"
Move,"(1181, 266)"
Move,"(1183, 263)"
Move,"(1185, 261)"
Move,"(1190, 258)"
Move,"(1192, 257)"
Move,"(1195, 255)"
Move,"(1198, 254)"
Move,"(1201, 251)"
Move,"(1203, 249)"
Move,"(1205, 247)"
Move,"(1208, 244)"
Move,"(1211, 242)"
Move,"(1214, 240)"
Move,"(1216, 239)"
Move,"(1220, 236)"
Move,"(1222, 234)"
Move,"(1224, 232)"
Move,"(1226, 230)"
Move,"(1229, 228)"
Move,"(1231, 226)"
Move,"(1233, 225)"
Move,"(1235, 223)"
Move,"(1237, 221)"
Move,"(1240, 220)"
Move,"(1242, 218)"
Move,"(1243, 216)"
Move,"(1245, 215)"
Move,"(1247, 213)"
Move,"(1249, 211)"
Move,"(1250, 209)"
Move,"(1252, 209)"
Move,"(1254, 207)"
Move,"(1255, 206)"
Move,"(1256, 204)"
Move,"(1257, 203)"
Move,"(1259, 202)"
Move,"(1260, 201)"
Move,"(1261, 200)"
Move,"(1262, 198)"
Move,"(1263, 197)"
Move,"(1264, 196)"
Move,"(1264, 195)"
Move,"(1265, 194)"
Move,"(1265, 193)"
Move,"(1266, 192)"
Move,"(1266, 191)"
Move,"(1266, 190)"
Move,"(1266, 190)"
Move,"(1267, 188)"
Move,"(1267, 187)"
Move,"(1267, 187)"
Move,"(1268, 186)"
Move,"(1268, 185)"
Move,"(1268, 185)"
Move,"(1268, 184)"
Move,"(1268, 183)"
Move,"(1268, 182)"
Move,"(1268, 182)"
Move,"(1268, 181)"
Move,"(1268, 180)"
Move,"(1268, 180)"
Move,"(1268, 179)"
Move,"(1268, 178)"
Move,"(1268, 177)"
Move,"(1268, 177)"
Move,"(1268, 176)"
Move,"(1267, 176)"
Move,"(1267, 175)"
Move,"(1266, 175)"
Move,"(1266, 174)"
Move,"(1265, 174)"
Move,"(1265, 173)"
Move,"(1264, 173)"
Move,"(1263, 173)"
Move,"(1263, 172)"
Move,"(1262, 172)"
Move,"(1261, 171)"
Move,"(1260, 171)"
Move,"(1260, 170)"
Move,"(1259, 170)"
Move,"(1258, 170)"
Move,"(1258, 170)"
Move,"(1257, 170)"
Move,"(1256, 169)"
Move,"(1255, 169)"
Move,"(1255, 169)"
Move,"(1254, 168)"
Move,"(1253, 168)"
Move,"(1253, 168)"
Move,"(1252, 168)"
Move,"(1251, 167)"
Move,"(1250, 167)"
Move,"(1250, 167)"
Move,"(1249, 166)"
Move,"(1248, 166)"
Move,"(1248, 165)"
Move,"(1247, 165)"
Move,"(1245, 165)"
Move,"(1245, 165)"
Move,"(1244, 164)"
Move,"(1243, 164)"
Move,"(1242, 164)"
Move,"(1242, 163)"
Move,"(1240, 163)"
Move,"(1240, 162)"
Move,"(1239, 162)"
Move,"(1237, 162)"
Move,"(1237, 162)"
Move,"(1236, 162)"
Move,"(1234, 161)"
Move,"(1234, 161)"
Move,"(1232, 160)"
Move,"(1231, 160)"
Move,"(1230, 159)"
Move,"(1229, 159)"
Move,"(1228, 159)"
Move,"(1227, 159)"
Move,"(1225, 158)"
Move,"(1225, 158)"
Move,"(1224, 158)"
Move,"(1222, 157)"
Move,"(1221, 157)"
Move,"(1220, 156)"
Move,"(1219, 156)"
Move,"(1218, 156)"
Move,"(1216, 156)"
Move,"(1215, 155)"
Move,"(1215, 155)"
Move,"(1213, 155)"
Move,"(1212, 154)"
Move,"(1211, 154)"
Move,"(1210, 153)"
Move,"(1209, 153)"
Move,"(1207, 153)"
Move,"(1206, 153)"
Move,"(1205, 152)"
Move,"(1203, 152)"
Move,"(1202, 151)"
Move,"(1201, 151)"
Move,"(1199, 150)"
Move,"(1198, 150)"
Move,"(1197, 150)"
Move,"(1195, 150)"
Move,"(1194, 149)"
Move,"(1192, 149)"
Move,"(1191, 148)"
Move,"(1190, 148)"
Move,"(1187, 147)"
Move,"(1186, 147)"
Move,"(1185, 146)"
Move,"(1183, 146)"
Move,"(1182, 146)"
Move,"(1180, 146)"
Move,"(1179, 146)"
Move,"(1177, 146)"
Move,"(1175, 146)"
Move,"(1175, 145)"
Move,"(1173, 145)"
Move,"(1171, 145)"
Move,"(1170, 144)"
Move,"(1169, 144)"
Move,"(1168, 144)"
Move,"(1166, 143)"
Move,"(1164, 143)"
Move,"(1163, 143)"
Move,"(1161, 143)"
Move,"(1159, 142)"
Move,"(1158, 142)"
Move,"(1157, 142)"
Move,"(1155, 142)"
Move,"(1154, 142)"
Move,"(1152, 142)"
Move,"(1151, 142)"
Move,"(1149, 141)"
Move,"(1147, 141)"
Move,"(1146, 141)"
Move,"(1144, 141)"
Move,"(1143, 141)"
Move,"(1142, 141)"
Move,"(1140, 141)"
Move,"(1139, 140)"
Move,"(1137, 140)"
Move,"(1135, 140)"
Move,"(1134, 140)"
Move,"(1132, 140)"
Move,"(1131, 140)"
Move,"(1129, 140)"
Move,"(1128, 140)"
Move,"(1126, 140)"
Move,"(1125, 140)"
Move,"(1124, 140)"
Move,"(1122, 140)"
Move,"(1120, 140)"
Move,"(1119, 140)"
Move,"(1118, 140)"
Move,"(1117, 140)"
Move,"(1115, 140)"
Move,"(1113, 140)"
Move,"(1112, 140)"
Move,"(1110, 140)"
Move,"(1109, 140)"
Move,"(1108, 140)"
Move,"(1106, 140)"
Move,"(1105, 140)"
Move,"(1103, 140)"
Move,"(1103, 140)"
Move,"(1101, 140)"
Move,"(1099, 140)"
Move,"(1099, 140)"
Move,"(1097, 140)"
Move,"(1096, 140)"
Move,"(1095, 140)"
Move,"(1093, 140)"
Move,"(1093, 140)"
Move,"(1092, 140)"
Move,"(1090, 140)"
Move,"(1090, 140)"
Move,"(1088, 140)"
Move,"(1087, 140)"
Move,"(1086, 140)"
Move,"(1085, 140)"
Move,"(1085, 140)"
Move,"(1083, 140)"
Move,"(1082, 140)"
Move,"(1082, 140)"
Move,"(1081, 140)"
Move,"(1079, 140)"
Move,"(1079, 140)"
Move,"(1078, 140)"
Move,"(1077, 141)"
Move,"(1076, 141)"
Move,"(1076, 141)"
Move,"(1075, 142)"
Move,"(1074, 142)"
Move,"(1074, 142)"
Move,"(1073, 142)"
Move,"(1071, 142)"
Move,"(1071, 142)"
Move,"(1070, 143)"
Move,"(1069, 143)"
Move,"(1069, 144)"
Move,"(1068, 144)"
Move,"(1067, 144)"
Move,"(1066, 145)"
Move,"(1066, 145)"
Move,"(1065, 145)"
Move,"(1064, 146)"
Move,"(1064, 146)"
Move,"(1063, 146)"
Move,"(1062, 147)"
Move,"(1061, 147)"
Move,"(1061, 147)"
Move,"(1060, 147)"
Move,"(1059, 148)"
Move,"(1059, 149)"
Move,"(1058, 150)"
Move,"(1057, 150)"
Move,"(1056, 150)"
Move,"(1056, 151)"
Move,"(1056, 151)"
Move,"(1055, 152)"
Move,"(1054, 152)"
Move,"(1054, 152)"
Move,"(1054, 153)"
Move,"(1053, 154)"
Move,"(1052, 155)"
Move,"(1052, 155)"
Move,"(1051, 156)"
Move,"(1050, 157)"
Move,"(1049, 157)"
Move,"(1049, 158)"
Move,"(1048, 159)"
Move,"(1048, 160)"
Move,"(1047, 160)"
Move,"(1047, 161)"
Move,"(1047, 162)"
Move,"(1046, 162)"
Move,"(1045, 163)"
Move,"(1045, 164)"
Move,"(1044, 164)"
Move,"(1044, 165)"
Move,"(1044, 166)"
Move,"(1044, 167)"
Move,"(1043, 168)"
Move,"(1042, 169)"
Move,"(1042, 170)"
Move,"(1042, 171)"
Move,"(1041, 171)"
Move,"(1041, 172)"
Move,"(1041, 173)"
Move,"(1041, 173)"
Move,"(1041, 174)"
Move,"(1041, 175)"
Move,"(1040, 175)"
Move,"(1040, 176)"
Move,"(1039, 177)"
Move,"(1039, 178)"
Move,"(1039, 178)"
Move,"(1039, 179)"
Move,"(1039, 180)"
Move,"(1039, 180)"
Move,"(1038, 181)"
Move,"(1038, 182)"
Move,"(1038, 182)"
Move,"(1038, 183)"
Move,"(1038, 184)"
Move,"(1038, 185)"
Move,"(1038, 185)"
Move,"(1038, 186)"
Move,"(1038, 187)"
Move,"(1038, 187)"
Move,"(1038, 188)"
Move,"(1038, 189)"
Move,"(1038, 190)"
Move,"(1038, 191)"
Move,"(1038, 192)"
Move,"(1038, 193)"
Move,"(1038, 194)"
Move,"(1038, 195)"
Move,"(1038, 195)"
Move,"(1038, 197)"
Move,"(1038, 198)"
Move,"(1038, 198)"
Move,"(1038, 199)"
Move,"(1038, 201)"
Move,"(1038, 201)"
Move,"(1038, 202)"
Move,"(1038, 204)"
Move,"(1039, 204)"
Move,"(1039, 205)"
Move,"(1039, 206)"
Move,"(1039, 207)"
Move,"(1040, 209)"
Move,"(1040, 209)"
Move,"(1040, 210)"
Move,"(1041, 211)"
Move,"(1041, 212)"
Move,"(1041, 213)"
Move,"(1041, 214)"
Move,"(1041, 215)"
Move,"(1041, 217)"
Move,"(1042, 218)"
Move,"(1042, 219)"
Move,"(1043, 220)"
Move,"(1043, 221)"
Move,"(1043, 222)"
Move,"(1044, 224)"
Move,"(1044, 224)"
Move,"(1044, 225)"
Move,"(1045, 227)"
Move,"(1045, 227)"
Move,"(1046, 228)"
Move,"(1046, 229)"
Move,"(1046, 229)"
Move,"(1047, 231)"
Move,"(1047, 232)"
Move,"(1048, 232)"
Move,"(1048, 233)"
Move,"(1049, 235)"
Move,"(1049, 235)"
Move,"(1049, 236)"
Move,"(1050, 237)"
Move,"(1050, 238)"
Move,"(1051, 239)"
Move,"(1052, 240)"
Move,"(1052, 241)"
Move,"(1053, 241)"
Move,"(1053, 242)"
Move,"(1054, 243)"
Move,"(1054, 244)"
Move,"(1054, 245)"
Move,"(1055, 246)"
Move,"(1055, 246)"
Move,"(1056, 247)"
Move,"(1057, 248)"
Move,"(1057, 249)"
Move,"(1057, 249)"
Move,"(1058, 250)"
Move,"(1059, 251)"
Move,"(1059, 252)"
Move,"(1060, 253)"
Move,"(1061, 254)"
Move,"(1062, 254)"
Move,"(1062, 255)"
Move,"(1062, 257)"
Move,"(1063, 257)"
Move,"(1064, 258)"
Move,"(1065, 259)"
Move,"(1066, 260)"
Move,"(1067, 261)"
Move,"(1068, 262)"
Move,"(1068, 263)"
Move,"(1069, 264)"
Move,"(1070, 266)"
Move,"(1072, 267)"
Move,"(1073, 267)"
Move,"(1073, 269)"
Move,"(1074, 271)"
Move,"(1075, 271)"
Move,"(1076, 272)"
Move,"(1077, 273)"
Move,"(1078, 275)"
Move,"(1079, 275)"
Move,"(1080, 277)"
Move,"(1081, 278)"
Move,"(1082, 278)"
Move,"(1082, 280)"
Move,"(1083, 282)"
Move,"(1085, 282)"
Move,"(1086, 283)"
Move,"(1086, 284)"
Move,"(1087, 285)"
Move,"(1088, 286)"
Move,"(1089, 287)"
Move,"(1090, 288)"
Move,"(1091, 288)"
Move,"(1092, 290)"
Move,"(1092, 291)"
Move,"(1093, 292)"
Move,"(1094, 293)"
Move,"(1095, 294)"
Move,"(1095, 294)"
Move,"(1097, 295)"
Move,"(1098, 296)"
Move,"(1098, 296)"
Move,"(1099, 297)"
Move,"(1100, 298)"
Move,"(1100, 299)"
Move,"(1101, 299)"
Move,"(1103, 301)"
Move,"(1103, 301)"
Move,"(1103, 302)"
Move,"(1105, 302)"
Move,"(1106, 303)"
Move,"(1106, 304)"
Move,"(1107, 305)"
Move,"(1108, 305)"
Move,"(1109, 307)"
Move,"(1109, 307)"
Move,"(1110, 308)"
Move,"(1111, 309)"
Move,"(1112, 310)"
Move,"(1112, 311)"
Move,"(1114, 311)"
Move,"(1115, 312)"
Move,"(1116, 313)"
Move,"(1117, 315)"
Move,"(1118, 315)"
Move,"(1119, 316)"
Move,"(1120, 318)"
Move,"(1121, 318)"
Move,"(1122, 319)"
Move,"(1123, 321)"
Move,"(1125, 322)"
Move,"(1126, 322)"
Move,"(1126, 324)"
Move,"(1128, 325)"
Move,"(1130, 327)"
Move,"(1131, 327)"
Move,"(1132, 328)"
Move,"(1133, 330)"
Move,"(1135, 331)"
Move,"(1136, 332)"
Move,"(1137, 333)"
Move,"(1138, 335)"
Move,"(1139, 336)"
Move,"(1140, 336)"
Move,"(1141, 338)"
Move,"(1142, 338)"
Move,"(1143, 339)"
Move,"(1144, 340)"
Move,"(1145, 341)"
Move,"(1146, 342)"
Move,"(1147, 343)"
Move,"(1147, 343)"
Move,"(1148, 344)"
Move,"(1149, 345)"
Move,"(1150, 346)"
Move,"(1150, 346)"
Move,"(1150, 346)"
Move,"(1151, 347)"
Move,"(1152, 348)"
Move,"(1152, 348)"
Move,"(1153, 349)"
Move,"(1153, 350)"
Move,"(1154, 350)"
Move,"(1154, 351)"
Move,"(1154, 351)"
Move,"(1155, 352)"
Move,"(1156, 353)"
Move,"(1157, 353)"
Move,"(1157, 354)"
Move,"(1157, 354)"
Move,"(1158, 355)"
Move,"(1158, 356)"
Move,"(1159, 356)"
Move,"(1159, 357)"
Move,"(1159, 357)"
Move,"(1159, 358)"
Move,"(1159, 358)"
Move,"(1160, 359)"
Move,"(1160, 360)"
Move,"(1161, 360)"
Move,"(1161, 361)"
Move,"(1162, 361)"
Move,"(1162, 363)"
Move,"(1162, 363)"
Move,"(1162, 364)"
Move,"(1163, 364)"
Move,"(1163, 366)"
Move,"(1164, 366)"
Move,"(1164, 367)"
Move,"(1164, 368)"
Move,"(1164, 369)"
Move,"(1165, 369)"
Move,"(1165, 370)"
Move,"(1166, 371)"
Move,"(1166, 372)"
Move,"(1167, 372)"
Move,"(1167, 373)"
Move,"(1167, 374)"
Move,"(1167, 374)"
Move,"(1167, 375)"
Move,"(1168, 376)"
Move,"(1168, 377)"
Move,"(1169, 377)"
Move,"(1169, 378)"
Move,"(1169, 379)"
Move,"(1169, 379)"
Move,"(1169, 380)"
Move,"(1169, 381)"
Move,"(1170, 382)"
Move,"(1170, 382)"
Move,"(1171, 382)"
Move,"(1171, 384)"
Move,"(1171, 385)"
Move,"(1172, 385)"
Move,"(1172, 386)"
Move,"(1172, 387)"
Move,"(1172, 387)"
Move,"(1172, 388)"
Move,"(1172, 389)"
Move,"(1172, 390)"
Move,"(1172, 391)"
Move,"(1173, 392)"
Move,"(1173, 393)"
Move,"(1173, 394)"
Move,"(1174, 395)"
Move,"(1174, 395)"
Move,"(1174, 397)"
Move,"(1174, 398)"
Move,"(1174, 398)"
Move,"(1174, 400)"
Move,"(1174, 401)"
Move,"(1174, 401)"
Move,"(1174, 403)"
Move,"(1174, 404)"
Move,"(1174, 405)"
Move,"(1174, 406)"
Move,"(1174, 406)"
Move,"(1174, 408)"
Move,"(1175, 409)"
Move,"(1175, 409)"
Move,"(1175, 410)"
Move,"(1175, 412)"
Move,"(1175, 412)"
Move,"(1175, 414)"
Move,"(1175, 415)"
Move,"(1175, 415)"
Move,"(1175, 417)"
Move,"(1175, 418)"
Move,"(1175, 418)"
Move,"(1175, 419)"
Move,"(1175, 420)"
Move,"(1175, 421)"
Move,"(1175, 422)"
Move,"(1175, 423)"
Move,"(1175, 424)"
Move,"(1175, 425)"
Move,"(1175, 426)"
Move,"(1175, 426)"
Move,"(1175, 427)"
Move,"(1174, 428)"
Move,"(1174, 429)"
Move,"(1173, 431)"
Move,"(1173, 431)"
Move,"(1173, 432)"
Move,"(1172, 434)"
Move,"(1172, 434)"
Move,"(1172, 436)"
Move,"(1172, 437)"
Move,"(1171, 438)"
Move,"(1171, 439)"
Move,"(1170, 441)"
Move,"(1170, 441)"
Move,"(1169, 443)"
Move,"(1168, 445)"
Move,"(1168, 445)"
Move,"(1168, 447)"
Move,"(1168, 448)"
Move,"(1167, 449)"
Move,"(1167, 450)"
Move,"(1165, 452)"
Move,"(1165, 453)"
Move,"(1164, 455)"
Move,"(1164, 456)"
Move,"(1163, 458)"
Move,"(1163, 460)"
Move,"(1162, 461)"
Move,"(1161, 463)"
Move,"(1160, 465)"
Move,"(1160, 466)"
Move,"(1159, 468)"
Move,"(1158, 470)"
Move,"(1158, 471)"
Move,"(1157, 473)"
Move,"(1156, 475)"
Move,"(1155, 477)"
Move,"(1154, 478)"
Move,"(1153, 479)"
Move,"(1153, 481)"
Move,"(1152, 483)"
Move,"(1151, 484)"
Move,"(1150, 486)"
Move,"(1149, 486)"
Move,"(1148, 489)"
Move,"(1147, 490)"
Move,"(1146, 491)"
Move,"(1145, 493)"
Move,"(1145, 494)"
Move,"(1143, 496)"
Move,"(1142, 497)"
Move,"(1141, 499)"
Move,"(1140, 499)"
Move,"(1139, 501)"
Move,"(1138, 502)"
Move,"(1137, 503)"
Move,"(1136, 505)"
Move,"(1136, 506)"
Move,"(1134, 507)"
Move,"(1133, 509)"
Move,"(1132, 510)"
Move,"(1131, 511)"
Move,"(1130, 512)"
Move,"(1129, 513)"
Move,"(1129, 514)"
Move,"(1127, 515)"
Move,"(1126, 517)"
Move,"(1125, 518)"
Move,"(1124, 519)"
Move,"(1123, 520)"
Move,"(1122, 521)"
Move,"(1121, 523)"
Move,"(1120, 523)"
Move,"(1119, 524)"
Move,"(1118, 525)"
Move,"(1118, 526)"
Move,"(1116, 527)"
Move,"(1115, 528)"
Move,"(1114, 529)"
Move,"(1114, 530)"
Move,"(1113, 531)"
Move,"(1112, 532)"
Move,"(1111, 532)"
Move,"(1110, 533)"
Move,"(1109, 535)"
Move,"(1108, 535)"
Move,"(1107, 536)"
Move,"(1106, 537)"
Move,"(1105, 538)"
Move,"(1105, 538)"
Move,"(1104, 539)"
Move,"(1102, 540)"
Move,"(1102, 540)"
Move,"(1101, 541)"
Move,"(1100, 541)"
Move,"(1099, 542)"
Move,"(1098, 543)"
Move,"(1097, 543)"
Move,"(1097, 543)"
Move,"(1095, 544)"
Move,"(1094, 545)"
Move,"(1094, 545)"
Move,"(1093, 546)"
Move,"(1092, 546)"
Move,"(1091, 546)"
Move,"(1090, 546)"
Move,"(1089, 547)"
Move,"(1089, 547)"
Move,"(1087, 548)"
Move,"(1086, 548)"
Move,"(1085, 549)"
Move,"(1084, 549)"
Move,"(1083, 549)"
Move,"(1083, 549)"
Move,"(1081, 549)"
Move,"(1080, 549)"
Move,"(1080, 550)"
Move,"(1078, 550)"
Move,"(1077, 550)"
Move,"(1077, 550)"
Move,"(1075, 550)"
Move,"(1074, 550)"
Move,"(1073, 550)"
Move,"(1072, 550)"
Move,"(1071, 550)"
Move,"(1070, 550)"
Move,"(1069, 550)"
Move,"(1068, 550)"
Move,"(1066, 550)"
Move,"(1065, 550)"
Move,"(1064, 550)"
Move,"(1062, 550)"
Move,"(1062, 550)"
Move,"(1060, 550)"
Move,"(1058, 550)"
Move,"(1058, 550)"
Move,"(1056, 550)"
Move,"(1055, 550)"
Move,"(1053, 550)"
Move,"(1051, 550)"
Move,"(1051, 550)"
Move,"(1049, 550)"
Move,"(1046, 550)"
Move,"(1045, 549)"
Move,"(1043, 549)"
Move,"(1042, 549)"
Move,"(1040, 549)"
Move,"(1038, 549)"
Move,"(1037, 548)"
Move,"(1034, 548)"
Move,"(1032, 547)"
Move,"(1031, 547)"
Move,"(1029, 546)"
Move,"(1026, 545)"
Move,"(1024, 544)"
Move,"(1023, 544)"
Move,"(1021, 543)"
Move,"(1018, 542)"
Move,"(1017, 542)"
Move,"(1014, 542)"
Move,"(1012, 541)"
Move,"(1009, 541)"
Move,"(1007, 541)"
Move,"(1005, 540)"
Move,"(1004, 540)"
Move,"(1001, 539)"
Move,"(998, 539)"
Move,"(996, 538)"
Move,"(993, 538)"
Move,"(991, 538)"
Move,"(988, 537)"
Move,"(987, 537)"
Move,"(984, 536)"
Move,"(981, 536)"
Move,"(980, 536)"
Move,"(977, 535)"
Move,"(974, 535)"
Move,"(972, 534)"
Move,"(970, 534)"
Move,"(967, 534)"
Move,"(965, 534)"
Move,"(962, 534)"
Move,"(959, 534)"
Move,"(957, 534)"
Move,"(954, 534)"
Move,"(951, 534)"
Move,"(950, 534)"
Move,"(947, 534)"
Move,"(944, 534)"
Move,"(942, 534)"
Move,"(940, 534)"
Move,"(936, 534)"
Move,"(935, 534)"
Move,"(932, 534)"
Move,"(929, 534)"
Move,"(927, 534)"
Move,"(924, 534)"
Move,"(923, 534)"
Move,"(920, 534)"
Move,"(917, 534)"
Move,"(915, 534)"
Move,"(913, 534)"
Move,"(909, 534)"
Move,"(908, 534)"
Move,"(905, 534)"
Move,"(903, 534)"
Move,"(901, 534)"
Move,"(898, 534)"
Move,"(896, 534)"
Move,"(894, 534)"
Move,"(891, 534)"
Move,"(889, 534)"
Move,"(888, 534)"
Move,"(885, 534)"
Move,"(884, 534)"
Move,"(881, 534)"
Move,"(878, 534)"
Move,"(877, 534)"
Move,"(874, 534)"
Move,"(872, 534)"
Move,"(871, 535)"
Move,"(868, 535)"
Move,"(866, 536)"
Move,"(865, 536)"
Move,"(863, 536)"
Move,"(860, 537)"
Move,"(859, 537)"
Move,"(857, 537)"
Move,"(855, 538)"
Move,"(854, 538)"
Move,"(852, 539)"
Move,"(850, 539)"
Move,"(849, 540)"
Move,"(848, 540)"
Move,"(846, 540)"
Move,"(845, 540)"
Move,"(843, 541)"
Move,"(841, 542)"
Move,"(840, 542)"
Move,"(839, 543)"
Move,"(838, 544)"
Move,"(837, 544)"
Move,"(835, 544)"
Move,"(835, 545)"
Move,"(833, 546)"
Move,"(832, 546)"
Move,"(832, 546)"
Move,"(830, 547)"
Move,"(829, 548)"
Move,"(829, 548)"
Move,"(828, 549)"
Move,"(826, 549)"
Move,"(826, 550)"
Move,"(825, 551)"
Move,"(823, 552)"
Move,"(823, 552)"
Move,"(822, 553)"
Move,"(820, 554)"
Move,"(820, 555)"
Move,"(819, 555)"
Move,"(818, 556)"
Move,"(818, 557)"
Move,"(817, 557)"
Move,"(816, 558)"
Move,"(815, 559)"
Move,"(815, 560)"
Move,"(813, 561)"
Move,"(812, 562)"
Move,"(812, 563)"
Move,"(811, 563)"
Move,"(810, 564)"
Move,"(809, 566)"
Move,"(809, 566)"
Move,"(808, 567)"
Move,"(807, 568)"
Move,"(807, 569)"
Move,"(806, 569)"
Move,"(805, 570)"
Move,"(804, 571)"
Move,"(804, 572)"
Move,"(803, 573)"
Move,"(802, 574)"
Move,"(801, 575)"
Move,"(801, 576)"
Move,"(801, 577)"
Move,"(800, 577)"
Move,"(799, 579)"
Move,"(798, 580)"
Move,"(798, 580)"
Move,"(797, 582)"
Move,"(796, 583)"
Move,"(796, 583)"
Move,"(796, 584)"
Move,"(795, 586)"
Move,"(794, 586)"
Move,"(793, 588)"
Move,"(793, 589)"
Move,"(793, 590)"
Move,"(792, 592)"
Move,"(791, 593)"
Move,"(791, 594)"
Move,"(790, 595)"
Move,"(790, 595)"
Move,"(789, 597)"
Move,"(789, 599)"
Move,"(788, 599)"
Move,"(788, 600)"
Move,"(787, 602)"
Move,"(787, 602)"
Move,"(786, 604)"
Move,"(786, 605)"
Move,"(785, 606)"
Move,"(784, 607)"
Move,"(784, 608)"
Move,"(784, 609)"
Move,"(783, 611)"
Move,"(783, 611)"
Move,"(783, 612)"
Move,"(782, 614)"
Move,"(782, 614)"
Move,"(781, 616)"
Move,"(781, 617)"
Move,"(781, 618)"
Move,"(780, 619)"
Move,"(780, 620)"
Move,"(780, 621)"
Move,"(780, 623)"
Move,"(780, 623)"
Move,"(780, 625)"
Move,"(780, 626)"
Move,"(780, 627)"
Move,"(780, 628)"
Move,"(779, 629)"
Move,"(779, 631)"
Move,"(779, 633)"
Move,"(779, 633)"
Move,"(779, 635)"
Move,"(778, 637)"
Move,"(778, 638)"
Move,"(778, 639)"
Move,"(777, 640)"
Move,"(777, 641)"
Move,"(777, 643)"
Move,"(777, 643)"
Move,"(777, 645)"
Move,"(777, 647)"
Move,"(777, 648)"
Move,"(777, 649)"
Move,"(777, 650)"
Move,"(777, 652)"
Move,"(777, 653)"
Move,"(777, 654)"
Move,"(777, 656)"
Move,"(777, 656)"
Move,"(777, 658)"
Move,"(777, 659)"
Move,"(777, 660)"
Move,"(777, 661)"
Move,"(777, 662)"
Move,"(777, 663)"
Move,"(777, 665)"
Move,"(777, 666)"
Move,"(777, 667)"
Move,"(777, 668)"
Move,"(777, 669)"
Move,"(777, 671)"
Move,"(777, 671)"
Move,"(777, 672)"
Move,"(777, 674)"
Move,"(777, 675)"
Move,"(777, 676)"
Move,"(777, 678)"
Move,"(777, 678)"
Move,"(777, 679)"
Move,"(777, 680)"
Move,"(777, 681)"
Move,"(777, 682)"
Move,"(777, 683)"
Move,"(777, 684)"
Move,"(777, 686)"
Move,"(777, 687)"
Move,"(777, 688)"
Move,"(777, 689)"
Move,"(777, 689)"
Move,"(777, 691)"
Move,"(777, 692)"
Move,"(777, 692)"
Move,"(777, 694)"
Move,"(777, 695)"
Move,"(777, 695)"
Move,"(777, 696)"
Move,"(777, 697)"
Move,"(777, 698)"
Move,"(777, 699)"
Move,"(777, 700)"
Move,"(777, 700)"
Move,"(777, 701)"
Move,"(777, 702)"
Move,"(777, 702)"
Move,"(777, 703)"
Move,"(777, 704)"
Move,"(777, 705)"
Move,"(776, 705)"
Move,"(776, 706)"
Move,"(776, 707)"
Move,"(775, 709)"
Move,"(774, 710)"
Move,"(774, 711)"
Move,"(774, 712)"
Move,"(774, 713)"
Move,"(773, 714)"
Move,"(773, 714)"
Move,"(772, 715)"
Move,"(771, 716)"
Move,"(771, 716)"
Move,"(771, 716)"
Move,"(770, 718)"
Move,"(769, 719)"
Move,"(768, 719)"
Move,"(768, 719)"
Move,"(768, 720)"
Move,"(767, 721)"
Move,"(765, 722)"
Move,"(765, 722)"
Move,"(764, 723)"
Move,"(763, 723)"
Move,"(763, 724)"
Move,"(762, 724)"
Move,"(761, 724)"
Move,"(761, 725)"
Move,"(759, 726)"
Move,"(758, 726)"
Move,"(758, 727)"
Move,"(756, 727)"
Move,"(755, 727)"
Move,"(754, 728)"
Move,"(753, 728)"
Move,"(751, 729)"
Move,"(751, 730)"
Move,"(749, 730)"
Move,"(748, 730)"
Move,"(747, 731)"
Move,"(745, 732)"
Move,"(744, 732)"
Move,"(743, 733)"
Move,"(741, 734)"
Move,"(740, 734)"
Move,"(738, 734)"
Move,"(736, 734)"
Move,"(735, 735)"
Move,"(734, 735)"
Move,"(732, 736)"
Move,"(731, 737)"
Move,"(729, 737)"
Move,"(727, 738)"
Move,"(727, 738)"
Move,"(724, 739)"
Move,"(724, 739)"
Move,"(722, 739)"
Move,"(720, 739)"
Move,"(719, 739)"
Move,"(717, 740)"
Move,"(715, 740)"
Move,"(715, 740)"
Move,"(713, 741)"
Move,"(712, 741)"
Move,"(710, 741)"
Move,"(708, 741)"
Move,"(707, 741)"
Move,"(706, 742)"
Move,"(704, 742)"
Move,"(703, 743)"
Move,"(702, 743)"
Move,"(701, 743)"
Move,"(699, 743)"
Move,"(697, 743)"
Move,"(696, 744)"
Move,"(694, 744)"
Move,"(693, 744)"
Move,"(692, 744)"
Move,"(689, 744)"
Move,"(688, 744)"
Move,"(687, 744)"
Move,"(685, 744)"
Move,"(684, 745)"
Move,"(683, 745)"
Move,"(680, 746)"
Move,"(679, 746)"
Move,"(678, 746)"
Move,"(677, 746)"
Move,"(675, 746)"
Move,"(673, 746)"
Move,"(672, 746)"
Move,"(670, 746)"
Move,"(669, 746)"
Move,"(667, 746)"
Move,"(665, 746)"
Move,"(664, 746)"
Move,"(662, 746)"
Move,"(661, 746)"
Move,"(659, 746)"
Move,"(657, 746)"
Move,"(656, 746)"
Move,"(654, 746)"
Move,"(653, 746)"
Move,"(651, 746)"
Move,"(649, 746)"
Move,"(648, 746)"
Move,"(646, 746)"
Move,"(643, 746)"
Move,"(643, 746)"
Move,"(641, 746)"
Move,"(639, 745)"
Move,"(637, 745)"
Move,"(635, 745)"
Move,"(634, 745)"
Move,"(632, 745)"
Move,"(630, 745)"
Move,"(629, 744)"
Move,"(627, 744)"
Move,"(624, 743)"
Move,"(623, 743)"
Move,"(622, 742)"
Move,"(620, 742)"
Move,"(618, 741)"
Move,"(616, 740)"
Move,"(615, 740)"
Move,"(613, 739)"
Move,"(610, 739)"
Move,"(609, 739)"
Move,"(607, 738)"
Move,"(605, 738)"
Move,"(602, 737)"
Move,"(601, 736)"
Move,"(599, 735)"
Move,"(597, 734)"
Move,"(596, 733)"
Move,"(594, 733)"
Move,"(592, 732)"
Move,"(589, 731)"
Move,"(588, 730)"
Move,"(586, 729)"
Move,"(584, 728)"
Move,"(583, 727)"
Move,"(581, 727)"
Move,"(579, 726)"
Move,"(578, 725)"
Move,"(576, 723)"
Move,"(574, 722)"
Move,"(572, 721)"
Move,"(570, 720)"
Move,"(568, 720)"
Move,"(566, 720)"
Move,"(565, 719)"
Move,"(562, 718)"
Move,"(561, 717)"
Move,"(560, 716)"
Move,"(558, 715)"
Move,"(555, 715)"
Move,"(553, 714)"
Move,"(553, 713)"
Move,"(551, 712)"
Move,"(548, 711)"
Move,"(548, 711)"
Move,"(546, 710)"
Move,"(544, 709)"
Move,"(543, 708)"
Move,"(541, 707)"
Move,"(539, 706)"
Move,"(538, 706)"
Move,"(536, 705)"
Move,"(534, 704)"
Move,"(533, 703)"
Move,"(531, 702)"
Move,"(529, 701)"
Move,"(528, 701)"
Move,"(527, 700)"
Move,"(525, 699)"
Move,"(524, 698)"
Move,"(522, 697)"
Move,"(520, 697)"
Move,"(518, 695)"
Move,"(517, 694)"
Move,"(516, 693)"
Move,"(514, 692)"
Move,"(513, 692)"
Move,"(511, 691)"
Move,"(510, 690)"
Move,"(508, 688)"
Move,"(507, 688)"
Move,"(505, 687)"
Move,"(505, 686)"
Move,"(502, 684)"
Move,"(502, 684)"
Move,"(500, 683)"
Move,"(499, 682)"
Move,"(497, 681)"
Move,"(496, 680)"
Move,"(495, 679)"
Move,"(494, 677)"
Move,"(492, 676)"
Move,"(491, 676)"
Move,"(490, 675)"
Move,"(488, 674)"
Move,"(486, 673)"
Move,"(486, 673)"
Move,"(484, 672)"
Move,"(483, 671)"
Move,"(482, 669)"
Move,"(481, 669)"
Move,"(479, 668)"
Move,"(479, 667)"
Move,"(478, 667)"
Move,"(476, 666)"
Move,"(476, 665)"
Move,"(474, 664)"
Move,"(473, 663)"
Move,"(473, 662)"
Move,"(471, 661)"
Move,"(470, 660)"
Move,"(470, 660)"
Move,"(469, 659)"
Move,"(467, 658)"
Move,"(467, 657)"
Move,"(466, 656)"
Move,"(465, 655)"
Move,"(464, 654)"
Move,"(462, 654)"
Move,"(461, 653)"
Move,"(460, 652)"
Move,"(460, 651)"
Move,"(458, 650)"
Move,"(457, 649)"
Move,"(457, 648)"
Move,"(456, 647)"
Move,"(455, 646)"
Move,"(453, 644)"
Move,"(453, 644)"
Move,"(452, 642)"
Move,"(450, 641)"
Move,"(450, 641)"
Move,"(449, 639)"
Move,"(448, 638)"
Move,"(447, 637)"
Move,"(446, 636)"
Move,"(445, 635)"
Move,"(444, 634)"
Move,"(443, 634)"
Move,"(443, 632)"
Move,"(442, 632)"
Move,"(441, 630)"
Move,"(440, 629)"
Move,"(440, 629)"
Move,"(439, 627)"
Move,"(438, 626)"
Move,"(437, 625)"
Move,"(437, 624)"
Move,"(437, 622)"
Move,"(436, 622)"
Move,"(435, 621)"
Move,"(435, 619)"
Move,"(434, 619)"
Move,"(433, 618)"
Move,"(432, 617)"
Move,"(432, 616)"
Move,"(432, 615)"
Move,"(431, 613)"
Move,"(430, 613)"
Move,"(429, 612)"
Move,"(429, 611)"
Move,"(428, 610)"
Move,"(428, 609)"
Move,"(427, 608)"
Move,"(426, 607)"
Move,"(426, 605)"
Move,"(425, 604)"
Move,"(425, 603)"
Move,"(424, 602)"
Move,"(423, 601)"
Move,"(422, 599)"
Move,"(422, 598)"
Move,"(422, 597)"
Move,"(421, 596)"
Move,"(420, 594)"
Move,"(419, 593)"
Move,"(419, 593)"
Move,"(419, 591)"
Move,"(418, 590)"
Move,"(417, 589)"
Move,"(416, 587)"
Move,"(415, 586)"
Move,"(415, 585)"
Move,"(415, 583)"
Move,"(414, 583)"
Move,"(412, 581)"
Move,"(412, 579)"
Move,"(412, 579)"
Move,"(411, 578)"
Move,"(410, 576)"
Move,"(409, 575)"
Move,"(409, 574)"
Move,"(409, 573)"
Move,"(407, 572)"
Move,"(407, 570)"
Move,"(406, 569)"
Move,"(406, 569)"
Move,"(405, 567)"
Move,"(404, 566)"
Move,"(403, 565)"
Move,"(403, 564)"
Move,"(401, 564)"
Move,"(401, 562)"
Move,"(400, 562)"
Move,"(399, 560)"
Move,"(398, 559)"
Move,"(397, 559)"
Move,"(397, 557)"
Move,"(396, 555)"
Move,"(395, 555)"
Move,"(394, 553)"
Move,"(394, 553)"
Move,"(393, 552)"
Move,"(392, 550)"
Move,"(391, 550)"
Move,"(391, 549)"
Move,"(389, 548)"
Move,"(389, 546)"
Move,"(388, 545)"
Move,"(388, 544)"
Move,"(386, 543)"
Move,"(385, 543)"
Move,"(384, 541)"
Move,"(384, 540)"
Move,"(383, 539)"
Move,"(382, 538)"
Move,"(382, 537)"
Move,"(380, 536)"
Move,"(379, 536)"
Move,"(379, 535)"
Move,"(378, 533)"
Move,"(377, 533)"
Move,"(376, 532)"
Move,"(375, 531)"
Move,"(374, 529)"
Move,"(373, 529)"
Move,"(373, 528)"
Move,"(372, 527)"
Move,"(370, 526)"
Move,"(369, 525)"
Move,"(369, 524)"
Move,"(368, 524)"
Move,"(367, 523)"
Move,"(367, 522)"
Move,"(365, 521)"
Move,"(364, 521)"
Move,"(363, 520)"
Move,"(362, 519)"
Move,"(361, 518)"
Move,"(361, 517)"
Move,"(359, 516)"
Move,"(358, 515)"
Move,"(357, 515)"
Move,"(356, 514)"
Move,"(355, 513)"
Move,"(354, 512)"
Move,"(353, 512)"
Move,"(351, 511)"
Move,"(351, 510)"
Move,"(350, 509)"
Move,"(349, 509)"
Move,"(348, 508)"
Move,"(347, 507)"
Move,"(345, 506)"
Move,"(345, 506)"
Move,"(343, 505)"
Move,"(342, 504)"
Move,"(341, 504)"
Move,"(339, 503)"
Move,"(337, 503)"
Move,"(337, 502)"
Move,"(335, 501)"
Move,"(333, 500)"
Move,"(333, 499)"
Move,"(331, 499)"
Move,"(330, 498)"
Move,"(329, 497)"
Move,"(327, 496)"
Move,"(327, 496)"
Move,"(325, 495)"
Move,"(323, 494)"
Move,"(322, 493)"
Move,"(321, 492)"
Move,"(319, 491)"
Move,"(318, 490)"
Move,"(316, 489)"
Move,"(315, 488)"
Move,"(313, 488)"
Move,"(312, 486)"
Move,"(310, 485)"
Move,"(308, 484)"
Move,"(306, 483)"
Move,"(304, 482)"
Move,"(302, 482)"
Move,"(300, 480)"
Move,"(299, 479)"
Move,"(297, 478)"
Move,"(295, 477)"
Move,"(294, 476)"
Move,"(292, 475)"
Move,"(291, 474)"
Move,"(290, 473)"
Move,"(287, 472)"
Move,"(285, 471)"
Move,"(284, 471)"
Move,"(283, 470)"
Move,"(281, 468)"
Move,"(279, 468)"
Move,"(278, 467)"
Move,"(277, 466)"
Move,"(275, 466)"
Move,"(274, 465)"
Move,"(273, 464)"
Move,"(271, 463)"
Move,"(270, 463)"
Move,"(269, 462)"
Move,"(268, 462)"
Move,"(267, 461)"
Move,"(264, 460)"
Move,"(264, 460)"
Move,"(263, 459)"
Move,"(261, 458)"
Move,"(260, 457)"
Move,"(259, 457)"
Move,"(257, 456)"
Move,"(256, 456)"
Move,"(254, 456)"
Move,"(253, 455)"
Move,"(252, 454)"
Move,"(251, 453)"
Move,"(250, 453)"
Move,"(249, 452)"
Move,"(247, 451)"
Move,"(246, 451)"
Move,"(245, 450)"
Move,"(244, 450)"
Move,"(243, 449)"
Move,"(241, 449)"
Move,"(240, 448)"
Move,"(239, 448)"
Move,"(238, 447)"
Move,"(237, 447)"
Move,"(236, 446)"
Move,"(235, 445)"
Move,"(234, 444)"
Move,"(233, 444)"
Move,"(232, 444)"
Move,"(231, 444)"
Move,"(229, 443)"
Move,"(228, 442)"
Move,"(227, 442)"
Move,"(226, 441)"
Move,"(224, 441)"
Move,"(224, 440)"
Move,"(223, 440)"
Move,"(221, 439)"
Move,"(221, 439)"
Move,"(220, 439)"
Move,"(218, 438)"
Move,"(218, 438)"
Move,"(217, 437)"
Move,"(216, 437)"
Move,"(215, 436)"
Move,"(214, 436)"
Move,"(213, 436)"
Move,"(212, 435)"
Move,"(211, 435)"
Move,"(210, 434)"
Move,"(210, 434)"
Move,"(209, 433)"
Move,"(208, 433)"
Move,"(207, 433)"
Move,"(206, 433)"
Move,"(205, 432)"
Move,"(205, 431)"
Move,"(203, 431)"
Move,"(202, 431)"
Move,"(202, 431)"
Move,"(201, 431)"
Move,"(200, 430)"
Move,"(200, 430)"
Move,"(199, 430)"
Move,"(198, 429)"
Move,"(197, 429)"
Move,"(197, 429)"
Move,"(196, 429)"
Move,"(195, 428)"
Move,"(195, 428)"
Move,"(194, 428)"
Move,"(193, 428)"
Move,"(192, 428)"
Move,"(192, 428)"
Move,"(191, 427)"
Move,"(190, 427)"
Move,"(190, 427)"
Move,"(189, 427)"
Move,"(188, 426)"
Move,"(187, 426)"
Move,"(187, 426)"
Move,"(186, 426)"
Move,"(185, 426)"
Move,"(185, 426)"
Move,"(184, 426)"
Move,"(183, 425)"
Move,"(182, 425)"
Move,"(182, 425)"
Move,"(181, 425)"
Move,"(180, 425)"
Move,"(180, 424)"
Move,"(179, 424)"
Move,"(178, 424)"
Move,"(177, 423)"
Move,"(177, 423)"
Move,"(176, 423)"
Move,"(175, 423)"
Move,"(175, 423)"
Move,"(174, 423)"
Move,"(173, 423)"
Move,"(172, 423)"
Move,"(172, 423)"
Move,"(171, 423)"
Move,"(170, 423)"
Move,"(170, 423)"
Move,"(169, 423)"
Move,"(168, 423)"
Move,"(168, 423)"
Move,"(167, 423)"
Move,"(166, 423)"
Move,"(165, 423)"
Move,"(165, 423)"
Move,"(164, 423)"
Move,"(163, 423)"
Move,"(163, 423)"
Move,"(162, 423)"
Move,"(161, 423)"
Move,"(160, 423)"
Move,"(160, 423)"
Move,"(159, 423)"
Move,"(158, 423)"
Move,"(158, 423)"
Move,"(157, 423)"
Move,"(156, 423)"
Move,"(155, 423)"
Move,"(155, 423)"
Move,"(154, 423)"
Move,"(153, 423)"
Move,"(153, 423)"
Move,"(152, 423)"
Move,"(151, 423)"
Move,"(151, 423)"
Move,"(150, 423)"
Move,"(149, 423)"
Move,"(148, 423)"
Move,"(148, 423)"
Move,"(147, 423)"
Move,"(146, 423)"
Move,"(145, 424)"
Move,"(145, 424)"
Move,"(144, 424)"
Move,"(143, 424)"
Move,"(143, 424)"
Move,"(142, 424)"
Move,"(141, 424)"
Move,"(140, 425)"
Move,"(140, 425)"
Move,"(139, 425)"
Move,"(138, 425)"
Move,"(138, 425)"
Move,"(137, 425)"
Move,"(137, 425)"
Move,"(136, 425)"
Move,"(135, 425)"
Move,"(135, 425)"
Move,"(134, 426)"
Move,"(133, 426)"
Move,"(133, 426)"
Move,"(132, 426)"
Move,"(131, 427)"
Move,"(130, 427)"
Move,"(130, 427)"
Move,"(129, 427)"
Move,"(128, 427)"
Move,"(128, 428)"
Move,"(127, 428)"
Move,"(126, 428)"
Move,"(125, 428)"
Move,"(125, 429)"
Move,"(124, 429)"
Move,"(123, 429)"
Move,"(123, 429)"
Move,"(123, 430)"
Move,"(122, 430)"
Move,"(121, 430)"
Move,"(120, 430)"
Move,"(120, 431)"
Move,"(119, 431)"
Move,"(118, 431)"
Move,"(118, 432)"
Move,"(117, 432)"
Move,"(116, 432)"
Move,"(116, 432)"
Move,"(115, 432)"
Move,"(114, 432)"
Move,"(113, 433)"
Move,"(113, 433)"
Move,"(112, 433)"
Move,"(111, 433)"
Move,"(111, 434)"
Move,"(110, 434)"
Move,"(109, 434)"
Move,"(108, 434)"
Move,"(108, 435)"
Move,"(107, 435)"
Move,"(106, 435)"
Move,"(106, 435)"
Move,"(105, 435)"
Move,"(104, 435)"
Move,"(103, 436)"
Move,"(103, 436)"
Move,"(102, 436)"
Move,"(101, 436)"
Move,"(101, 437)"
Move,"(100, 437)"
Move,"(99, 437)"
Move,"(98, 437)"
Move,"(98, 438)"
Move,"(97, 438)"
Move,"(96, 439)"
Move,"(96, 439)"
Move,"(96, 439)"
Move,"(95, 439)"
Move,"(94, 439)"
Move,"(94, 440)"
Move,"(93, 440)"
Move,"(93, 441)"
Move,"(92, 441)"
Move,"(91, 442)"
Move,"(91, 442)"
Move,"(91, 442)"
Move,"(90, 442)"
Move,"(89, 443)"
Move,"(88, 444)"
Move,"(88, 444)"
Move,"(88, 444)"
Move,"(87, 444)"
Move,"(87, 445)"
Move,"(86, 445)"
Move,"(86, 446)"
Move,"(85, 446)"
Move,"(85, 447)"
Move,"(83, 447)"
Move,"(83, 448)"
Move,"(83, 448)"
Move,"(82, 449)"
Move,"(81, 449)"
Move,"(81, 450)"
Move,"(81, 450)"
Move,"(80, 450)"
Move,"(80, 450)"
Move,"(79, 451)"
Move,"(78, 451)"
Move,"(78, 452)"
Move,"(78, 452)"
Move,"(77, 452)"
Move,"(76, 453)"
Move,"(76, 454)"
Move,"(75, 454)"
Move,"(74, 454)"
Move,"(73, 455)"
Move,"(73, 456)"
Move,"(72, 457)"
Move,"(71, 457)"
Move,"(71, 457)"
Move,"(71, 457)"
Move,"(70, 458)"
Move,"(69, 458)"
Move,"(69, 459)"
Move,"(68, 459)"
Move,"(68, 459)"
Move,"(67, 460)"
Move,"(66, 460)"
Move,"(66, 461)"
Move,"(65, 461)"
Move,"(65, 462)"
Move,"(64, 462)"
Move,"(63, 462)"
Move,"(63, 462)"
Move,"(63, 462)"
Move,"(62, 463)"
Move,"(61, 464)"
Move,"(61, 464)"
Move,"(61, 464)"
Move,"(60, 464)"
Move,"(59, 465)"
Move,"(58, 465)"
Move,"(58, 466)"
Move,"(57, 466)"
Move,"(57, 467)"
Move,"(56, 467)"
Move,"(56, 467)"
Move,"(56, 467)"
Move,"(55, 467)"
Move,"(55, 468)"
Move,"(54, 468)"
Move,"(53, 468)"
Move,"(53, 469)"
Move,"(53, 469)"
Move,"(52, 469)"
Move,"(51, 469)"
Move,"(51, 470)"
Move,"(51, 470)"
Move,"(50, 470)"
Move,"(50, 471)"
Move,"(49, 471)"
Move,"(49, 471)"
Move,"(49, 472)"
Move,"(48, 472)"
Move,"(47, 472)"
Move,"(46, 473)"
Move,"(46, 474)"
Move,"(46, 474)"
Move,"(45, 474)"
Move,"(44, 475)"
Move,"(44, 476)"
Move,"(43, 477)"
Move,"(42, 477)"
Move,"(42, 478)"
Move,"(41, 478)"
Move,"(41, 479)"
Move,"(41, 479)"
Move,"(41, 479)"
Move,"(40, 480)"
Move,"(39, 481)"
Move,"(39, 482)"
Move,"(39, 482)"
Move,"(38, 482)"
Move,"(38, 483)"
Move,"(37, 484)"
Move,"(37, 484)"
Move,"(36, 484)"
Move,"(36, 485)"
Move,"(36, 485)"
Move,"(35, 486)"
Move,"(35, 486)"
Move,"(34, 486)"
Move,"(34, 487)"
Move,"(34, 488)"
Move,"(34, 489)"
Move,"(33, 489)"
Move,"(33, 489)"
Move,"(33, 490)"
Move,"(33, 491)"
Move,"(33, 491)"
Move,"(33, 492)"
Move,"(33, 493)"
Move,"(33, 494)"
Move,"(32, 494)"
Move,"(32, 495)"
Move,"(32, 496)"
Move,"(32, 496)"
Move,"(32, 497)"
Move,"(32, 498)"
Move,"(32, 499)"
Move,"(32, 499)"
Move,"(32, 500)"
Move,"(32, 501)"
Move,"(32, 501)"
Move,"(32, 502)"
Move,"(32, 503)"
Move,"(32, 504)"
Move,"(32, 504)"
Move,"(32, 505)"
Move,"(32, 506)"
Move,"(32, 506)"
Move,"(32, 507)"
Move,"(32, 508)"
Move,"(32, 509)"
Move,"(32, 509)"
Move,"(32, 510)"
Move,"(32, 511)"
Move,"(32, 511)"
Move,"(32, 512)"
Move,"(32, 513)"
Move,"(32, 514)"
Move,"(32, 514)"
Move,"(32, 515)"
Move,"(32, 516)"
Move,"(32, 516)"
Move,"(32, 517)"
Move,"(32, 518)"
Move,"(32, 518)"
Move,"(32, 519)"
Move,"(32, 520)"
Move,"(32, 521)"
Move,"(32, 521)"
Move,"(32, 522)"
Move,"(32, 523)"
Move,"(32, 523)"
Move,"(32, 524)"
Move,"(32, 525)"
Move,"(32, 526)"
Move,"(32, 526)"
Move,"(32, 527)"
Move,"(32, 528)"
Move,"(32, 528)"
Move,"(32, 529)"
Move,"(32, 530)"
Move,"(32, 531)"
Move,"(32, 531)"
Move,"(32, 532)"
Move,"(32, 533)"
Move,"(32, 533)"
Move,"(32, 534)"
Move,"(32, 535)"
Move,"(32, 536)"
Move,"(32, 536)"
Move,"(32, 537)"
Move,"(32, 537)"
Move,"(32, 538)"
Move,"(32, 538)"
Move,"(33, 539)"
Move,"(33, 540)"
Move,"(33, 540)"
Move,"(33, 541)"
Move,"(33, 541)"
Move,"(34, 541)"
Move,"(34, 542)"
Move,"(35, 542)"
Move,"(35, 543)"
Move,"(35, 543)"
Move,"(36, 543)"
Move,"(37, 543)"
Move,"(38, 543)"
Move,"(38, 543)"
Move,"(39, 543)"
Move,"(40, 543)"
Move,"(40, 543)"
Move,"(41, 543)"
Move,"(42, 542)"
Move,"(43, 542)"
Move,"(43, 542)"
Move,"(44, 542)"
Move,"(44, 541)"
Move,"(45, 541)"
Move,"(45, 540)"
Move,"(46, 540)"
Move,"(47, 539)"
Move,"(48, 539)"
Move,"(48, 539)"
Move,"(49, 538)"
Move,"(50, 538)"
Move,"(50, 537)"
Move,"(51, 537)"
Move,"(52, 537)"
Move,"(52, 536)"
Move,"(52, 536)"
Move,"(53, 535)"
Move,"(54, 534)"
Move,"(55, 534)"
Move,"(55, 533)"
Move,"(55, 532)"
Move,"(56, 532)"
Move,"(56, 531)"
Move,"(57, 530)"
Move,"(57, 529)"
Move,"(57, 529)"
Move,"(57, 529)"
Move,"(57, 528)"
Move,"(57, 527)"
Move,"(58, 527)"
Move,"(58, 526)"
Move,"(58, 525)"
Move,"(59, 524)"
Move,"(59, 524)"
Move,"(60, 522)"
Move,"(60, 521)"
Move,"(60, 521)"
Move,"(61, 520)"
Move,"(61, 519)"
Move,"(61, 519)"
Move,"(61, 518)"
Move,"(61, 517)"
Move,"(61, 517)"
Move,"(62, 516)"
Move,"(62, 515)"
Move,"(62, 514)"
Move,"(62, 514)"
Move,"(62, 513)"
Move,"(62, 512)"
Move,"(62, 512)"
Move,"(63, 511)"
Move,"(63, 510)"
Move,"(63, 509)"
Move,"(63, 508)"
Move,"(63, 507)"
Move,"(63, 506)"
Move,"(63, 506)"
Move,"(63, 505)"
Move,"(63, 504)"
Move,"(63, 503)"
Move,"(63, 502)"
Move,"(63, 501)"
Move,"(63, 501)"
Move,"(63, 500)"
Move,"(62, 500)"
Move,"(62, 499)"
Move,"(62, 499)"
Move,"(61, 499)"
Move,"(61, 498)"
Move,"(61, 497)"
Move,"(61, 497)"
Move,"(61, 496)"
Move,"(61, 496)"
Move,"(60, 496)"
Move,"(60, 495)"
Move,"(59, 495)"
Move,"(59, 494)"
Move,"(59, 494)"
Move,"(59, 494)"
Move,"(58, 494)"
Move,"(58, 493)"
Move,"(57, 493)"
Move,"(57, 492)"
Move,"(56, 492)"
Move,"(56, 492)"
Move,"(56, 491)"
Move,"(55, 491)"
Move,"(54, 491)"
Move,"(54, 491)"
Move,"(53, 491)"
Move,"(52, 491)"
Move,"(51, 491)"
Move,"(51, 491)"
Move,"(50, 491)"
Move,"(49, 491)"
Move,"(49, 491)"
Move,"(49, 491)"
Move,"(48, 491)"
Move,"(47, 493)"
Move,"(46, 493)"
Move,"(46, 493)"
Move,"(46, 494)"
Move,"(46, 495)"
Move,"(45, 495)"
Move,"(45, 496)"
Move,"(44, 496)"
Move,"(44, 497)"
Move,"(44, 498)"
Move,"(44, 498)"
Move,"(44, 499)"
Move,"(43, 500)"
Move,"(43, 501)"
Move,"(43, 501)"
Move,"(42, 502)"
Move,"(42, 503)"
Move,"(42, 503)"
Move,"(42, 504)"
Move,"(42, 505)"
Move,"(42, 506)"
Move,"(42, 506)"
Move,"(42, 507)"
Move,"(42, 508)"
Move,"(42, 508)"
Move,"(42, 509)"
Move,"(42, 510)"
Move,"(42, 510)"
Move,"(42, 511)"
Move,"(42, 512)"
Move,"(42, 513)"
Move,"(42, 513)"
Move,"(42, 514)"
Move,"(42, 515)"
Move,"(42, 515)"
Move,"(42, 516)"
Move,"(42, 516)"
Move,"(42, 517)"
Move,"(42, 518)"
Move,"(43, 518)"
Move,"(43, 518)"
Move,"(43, 518)"
Move,"(43, 519)"
Move,"(44, 519)"
Move,"(45, 519)"
Move,"(45, 519)"
Move,"(46, 519)"
Move,"(47, 519)"
Move,"(48, 519)"
Move,"(48, 518)"
Move,"(48, 517)"
Move,"(48, 516)"
Move,"(48, 515)"
Move,"(48, 514)"
Move,"(48, 514)"
Move,"(48, 513)"
Move,"(48, 512)"
Move,"(48, 511)"
Move,"(49, 511)"
Move,"(49, 510)"
Move,"(49, 509)"
Move,"(49, 509)"
Move,"(49, 508)"
Move,"(49, 507)"
Move,"(49, 506)"
Move,"(49, 506)"
Move,"(49, 505)"
Move,"(49, 504)"
Move,"(49, 504)"
Move,"(49, 502)"
Move,"(49, 501)"
Move,"(49, 501)"
Move,"(49, 500)"
Move,"(49, 499)"
Move,"(49, 499)"
Move,"(49, 498)"
Move,"(49, 497)"
Move,"(49, 496)"
Move,"(48, 496)"
Move,"(48, 496)"
Move,"(48, 495)"
Move,"(48, 494)"
Move,"(47, 494)"
Move,"(47, 494)"
Move,"(46, 494)"
Move,"(46, 494)"
Move,"(46, 494)"
Move,"(46, 494)"
Move,"(46, 495)"
Move,"(46, 495)"
Move,"(46, 496)"
Move,"(45, 497)"
Move,"(45, 498)"
Move,"(45, 498)"
Move,"(44, 499)"
Move,"(44, 500)"
Move,"(44, 500)"
Move,"(44, 501)"
Move,"(44, 502)"
Move,"(44, 502)"
Move,"(43, 504)"
Move,"(43, 505)"
Move,"(43, 505)"
Move,"(43, 506)"
Move,"(43, 507)"
Move,"(43, 508)"
Move,"(43, 508)"
Move,"(43, 508)"
Move,"(43, 509)"
Move,"(43, 510)"
Move,"(42, 510)"
Move,"(42, 510)"
Move,"(42, 510)"
Move,"(42, 509)"
Move,"(42, 509)"
Move,"(42, 508)"
Move,"(42, 506)"
Move,"(42, 505)"
Move,"(42, 504)"
Move,"(42, 503)"
Move,"(42, 503)"
Move,"(42, 502)"
Move,"(42, 500)"
Move,"(42, 500)"
Move,"(42, 499)"
Move,"(42, 498)"
Move,"(42, 497)"
Move,"(42, 496)"
Move,"(42, 495)"
Move,"(42, 495)"
Move,"(42, 494)"
Move,"(42, 493)"
Move,"(42, 493)"
Move,"(42, 492)"
Move,"(42, 491)"
Move,"(42, 490)"
Move,"(42, 490)"
Move,"(42, 490)"
Move,"(42, 490)"
Move,"(42, 491)"
Move,"(42, 492)"
Move,"(42, 492)"
Move,"(42, 493)"
Move,"(42, 494)"
Move,"(41, 494)"
Move,"(41, 495)"
Move,"(41, 496)"
Move,"(41, 497)"
Move,"(41, 497)"
Move,"(41, 498)"
Move,"(41, 499)"
Move,"(41, 499)"
Move,"(41, 500)"
Move,"(41, 501)"
Move,"(41, 501)"
Move,"(41, 502)"
Move,"(41, 503)"
Move,"(41, 504)"
Move,"(40, 504)"
Move,"(40, 504)"
Move,"(40, 505)"
Move,"(40, 505)"
Move,"(40, 505)"
Move,"(40, 504)"
Move,"(40, 503)"
Move,"(40, 502)"
Move,"(40, 502)"
Move,"(40, 501)"
Move,"(40, 500)"
Move,"(40, 500)"
Move,"(40, 499)"
Move,"(40, 498)"
Move,"(40, 498)"
Move,"(40, 496)"
Move,"(40, 495)"
Move,"(40, 495)"
Move,"(40, 494)"
Move,"(40, 493)"
Move,"(40, 492)"
Move,"(40, 492)"
Move,"(40, 491)"
Move,"(40, 490)"
Move,"(40, 490)"
Move,"(40, 489)"
Move,"(40, 489)"
Move,"(40, 489)"
Move,"(40, 490)"
Move,"(40, 491)"
Move,"(40, 492)"
Move,"(40, 493)"
Move,"(40, 494)"
Move,"(40, 494)"
Move,"(40, 495)"
Move,"(40, 496)"
Move,"(40, 497)"
Move,"(40, 498)"
Move,"(40, 499)"
Move,"(40, 499)"
Move,"(40, 500)"
Move,"(40, 501)"
Move,"(40, 502)"
Move,"(40, 502)"
Move,"(40, 503)"
Move,"(39, 504)"
Move,"(39, 504)"
Move,"(39, 505)"
Move,"(39, 506)"
Move,"(39, 507)"
Move,"(39, 507)"
Move,"(39, 507)"
Move,"(39, 507)"
Move,"(39, 506)"
Move,"(39, 505)"
Move,"(39, 505)"
Move,"(39, 504)"
Move,"(39, 503)"
Move,"(39, 503)"
Move,"(39, 501)"
Move,"(39, 500)"
Move,"(39, 500)"
Move,"(39, 499)"
Move,"(39, 498)"
Move,"(40, 498)"
Move,"(40, 497)"
Move,"(40, 495)"
Move,"(40, 495)"
Move,"(40, 494)"
Move,"(40, 493)"
Move,"(40, 492)"
Move,"(40, 492)"
Move,"(40, 491)"
Move,"(40, 490)"
Move,"(40, 490)"
Move,"(40, 489)"
Move,"(40, 488)"
Move,"(41, 487)"
Move,"(41, 487)"
Move,"(42, 487)"
Move,"(42, 487)"
Move,"(42, 487)"
Move,"(42, 488)"
Move,"(42, 489)"
Move,"(42, 489)"
Move,"(42, 490)"
Move,"(42, 491)"
Move,"(42, 491)"
Move,"(42, 492)"
Move,"(42, 493)"
Move,"(42, 494)"
Move,"(42, 494)"
Move,"(42, 495)"
Move,"(42, 496)"
Move,"(42, 496)"
Move,"(42, 497)"
Move,"(42, 498)"
Move,"(42, 499)"
Move,"(42, 499)"
Move,"(42, 500)"
Move,"(42, 501)"
Move,"(42, 501)"
Move,"(42, 502)"
Move,"(42, 503)"
Move,"(42, 504)"
Move,"(42, 504)"
Move,"(42, 504)"
Move,"(42, 504)"
Move,"(43, 502)"
Move,"(43, 502)"
Move,"(43, 501)"
Move,"(43, 500)"
Move,"(43, 499)"
Move,"(43, 499)"
Move,"(43, 498)"
Move,"(43, 497)"
Move,"(43, 497)"
Move,"(43, 496)"
Move,"(43, 495)"
Move,"(43, 494)"
Move,"(43, 494)"
Move,"(44, 492)"
Move,"(44, 491)"
Move,"(44, 491)"
Move,"(44, 490)"
Move,"(45, 489)"
Move,"(45, 489)"
Move,"(45, 489)"
Move,"(45, 489)"
Move,"(45, 489)"
Move,"(45, 490)"
Move,"(45, 490)"
Move,"(45, 492)"
Move,"(45, 493)"
Move,"(45, 494)"
Move,"(45, 495)"
Move,"(45, 496)"
Move,"(45, 498)"
Move,"(45, 500)"
Move,"(45, 500)"
Move,"(45, 502)"
Move,"(45, 503)"
Move,"(44, 504)"
Move,"(44, 506)"
Move,"(44, 507)"
Move,"(44, 507)"
Move,"(44, 508)"
Move,"(43, 510)"
Move,"(43, 510)"
Move,"(43, 511)"
Move,"(43, 512)"
Move,"(43, 512)"
Move,"(43, 513)"
Move,"(43, 514)"
Move,"(43, 515)"
Move,"(43, 515)"
Move,"(43, 514)"
Move,"(43, 513)"
Move,"(43, 513)"
Move,"(43, 512)"
Move,"(43, 511)"
Move,"(43, 510)"
Move,"(43, 509)"
Move,"(43, 508)"
Move,"(43, 507)"
Move,"(44, 506)"
Move,"(44, 505)"
Move,"(44, 504)"
Move,"(44, 503)"
Move,"(44, 502)"
Move,"(44, 501)"
Move,"(44, 499)"
Move,"(44, 499)"
Move,"(44, 498)"
Move,"(44, 496)"
Move,"(44, 496)"
Move,"(44, 495)"
Move,"(44, 494)"
Move,"(44, 494)"
Move,"(44, 493)"
Move,"(44, 492)"
Move,"(44, 491)"
Move,"(44, 491)"
Move,"(44, 490)"
Move,"(44, 489)"
Move,"(44, 489)"
Move,"(44, 490)"
Move,"(44, 490)"
Move,"(44, 491)"
Move,"(44, 492)"
Move,"(44, 493)"
Move,"(44, 493)"
Move,"(44, 494)"
Move,"(44, 495)"
Move,"(44, 495)"
Move,"(44, 496)"
Move,"(44, 498)"
Move,"(44, 498)"
Move,"(44, 499)"
Move,"(44, 500)"
Move,"(44, 501)"
Move,"(44, 502)"
Move,"(44, 503)"
Move,"(43, 504)"
Move,"(43, 504)"
Move,"(43, 505)"
Move,"(43, 506)"
Move,"(43, 506)"
Move,"(43, 507)"
Move,"(43, 508)"
Move,"(43, 508)"
Move,"(43, 509)"
Move,"(43, 510)"
Move,"(43, 511)"
Move,"(43, 511)"
Move,"(43, 510)"
Move,"(43, 509)"
Move,"(43, 509)"
Move,"(43, 508)"
Move,"(43, 507)"
Move,"(43, 506)"
Move,"(43, 505)"
Move,"(43, 504)"
Move,"(43, 503)"
Move,"(43, 501)"
Move,"(43, 501)"
Move,"(43, 499)"
Move,"(43, 498)"
Move,"(43, 498)"
Move,"(43, 496)"
Move,"(43, 496)"
Move,"(43, 494)"
Move,"(43, 493)"
Move,"(43, 493)"
Move,"(43, 492)"
Move,"(43, 491)"
Move,"(43, 490)"
Move,"(43, 490)"
Move,"(43, 489)"
Move,"(43, 488)"
Move,"(43, 488)"
Move,"(43, 489)"
Move,"(43, 489)"
Move,"(43, 490)"
Move,"(43, 491)"
Move,"(43, 492)"
Move,"(43, 493)"
Move,"(43, 494)"
Move,"(43, 495)"
Move,"(43, 496)"
Move,"(43, 498)"
Move,"(43, 499)"
Move,"(43, 501)"
Move,"(43, 501)"
Move,"(43, 503)"
Move,"(43, 505)"
Move,"(43, 506)"
Move,"(43, 508)"
Move,"(43, 509)"
Move,"(43, 511)"
Move,"(43, 513)"
Move,"(43, 514)"
Move,"(43, 515)"
Move,"(43, 516)"
Move,"(43, 517)"
Move,"(43, 518)"
Move,"(43, 519)"
Move,"(43, 520)"
Move,"(43, 521)"
Move,"(43, 521)"
Move,"(43, 523)"
Move,"(43, 524)"
Move,"(43, 524)"
Move,"(43, 525)"
Move,"(43, 526)"
Move,"(43, 527)"
Move,"(43, 527)"
Move,"(43, 528)"
Move,"(44, 528)"
Move,"(44, 529)"
Move,"(44, 529)"
Move,"(45, 529)"
Move,"(46, 529)"
Move,"(47, 528)"
Move,"(47, 527)"
Move,"(48, 526)"
Move,"(49, 525)"
Move,"(50, 524)"
Move,"(50, 523)"
Move,"(50, 522)"
Move,"(51, 520)"
Move,"(53, 518)"
Move,"(53, 517)"
Move,"(54, 516)"
Move,"(54, 514)"
Move,"(55, 512)"
Move,"(55, 511)"
Move,"(55, 509)"
Move,"(56, 508)"
Move,"(56, 507)"
Move,"(57, 505)"
Move,"(57, 505)"
Move,"(58, 503)"
Move,"(58, 502)"
Move,"(58, 502)"
Move,"(58, 500)"
Move,"(58, 499)"
Move,"(59, 498)"
Move,"(59, 497)"
Move,"(59, 496)"
Move,"(59, 495)"
Move,"(60, 494)"
Move,"(60, 493)"
Move,"(60, 493)"
Move,"(61, 492)"
Move,"(61, 491)"
Move,"(61, 490)"
Move,"(61, 490)"
Move,"(61, 489)"
Move,"(62, 488)"
Move,"(63, 488)"
Move,"(63, 488)"
Move,"(63, 488)"
Move,"(63, 489)"
Move,"(63, 489)"
Move,"(63, 490)"
Move,"(63, 492)"
Move,"(64, 492)"
Move,"(64, 493)"
Move,"(64, 495)"
Move,"(64, 496)"
Move,"(65, 497)"
Move,"(65, 498)"
Move,"(65, 501)"
Move,"(65, 503)"
Move,"(65, 504)"
Move,"(65, 507)"
Move,"(65, 509)"
Move,"(65, 511)"
Move,"(65, 513)"
Move,"(65, 516)"
Move,"(65, 517)"
Move,"(65, 520)"
Move,"(65, 521)"
Move,"(65, 524)"
Move,"(65, 527)"
Move,"(65, 528)"
Move,"(65, 530)"
Move,"(64, 533)"
Move,"(64, 534)"
Move,"(64, 536)"
Move,"(63, 538)"
Move,"(63, 539)"
Move,"(63, 541)"
Move,"(62, 543)"
Move,"(62, 544)"
Move,"(62, 546)"
Move,"(62, 547)"
Move,"(62, 548)"
Move,"(62, 550)"
Move,"(62, 550)"
Move,"(62, 551)"
Move,"(62, 552)"
Move,"(62, 553)"
Move,"(62, 554)"
Move,"(62, 555)"
Move,"(62, 556)"
Move,"(62, 557)"
Move,"(62, 558)"
Move,"(62, 558)"
Move,"(62, 559)"
Move,"(62, 560)"
Move,"(62, 560)"
Move,"(62, 559)"
Move,"(62, 559)"
Move,"(62, 559)"
Move,"(62, 558)"
Move,"(62, 557)"
Move,"(63, 556)"
Move,"(63, 555)"
Move,"(64, 553)"
Move,"(64, 552)"
Move,"(64, 550)"
Move,"(65, 548)"
Move,"(66, 546)"
Move,"(66, 544)"
Move,"(67, 542)"
Move,"(67, 540)"
Move,"(67, 538)"
Move,"(67, 535)"
Move,"(68, 534)"
Move,"(68, 531)"
Move,"(68, 529)"
Move,"(69, 528)"
Move,"(69, 526)"
Move,"(69, 523)"
Move,"(69, 522)"
Move,"(69, 519)"
Move,"(69, 518)"
Move,"(69, 516)"
Move,"(69, 514)"
Move,"(69, 513)"
Move,"(69, 511)"
Move,"(69, 509)"
Move,"(69, 508)"
Move,"(69, 506)"
Move,"(69, 505)"
Move,"(69, 503)"
Move,"(69, 502)"
Move,"(69, 502)"
Move,"(69, 500)"
Move,"(69, 499)"
Move,"(69, 499)"
Move,"(69, 498)"
Move,"(69, 497)"
Move,"(69, 496)"
Move,"(69, 495)"
Move,"(69, 495)"
Move,"(69, 496)"
Move,"(69, 496)"
Move,"(69, 497)"
Move,"(69, 498)"
Move,"(69, 500)"
Move,"(69, 501)"
Move,"(69, 502)"
Move,"(69, 504)"
Move,"(69, 505)"
Move,"(69, 507)"
Move,"(69, 509)"
Move,"(69, 510)"
Move,"(69, 513)"
Move,"(69, 515)"
Move,"(69, 516)"
Move,"(69, 518)"
Move,"(69, 519)"
Move,"(69, 521)"
Move,"(69, 523)"
Move,"(69, 524)"
Move,"(69, 526)"
Move,"(69, 527)"
Move,"(69, 529)"
Move,"(69, 531)"
Move,"(69, 531)"
Move,"(69, 532)"
Move,"(69, 533)"
Move,"(69, 534)"
Move,"(69, 535)"
Move,"(69, 536)"
Move,"(69, 536)"
Move,"(69, 537)"
Move,"(70, 536)"
Move,"(70, 536)"
Move,"(70, 535)"
Move,"(70, 533)"
Move,"(70, 533)"
Move,"(70, 531)"
Move,"(70, 531)"
Move,"(71, 529)"
Move,"(71, 528)"
Move,"(71, 527)"
Move,"(71, 526)"
Move,"(71, 525)"
Move,"(71, 523)"
Move,"(71, 522)"
Move,"(71, 521)"
Move,"(71, 520)"
Move,"(71, 518)"
Move,"(71, 518)"
Move,"(71, 516)"
Move,"(71, 515)"
Move,"(71, 514)"
Move,"(71, 513)"
Move,"(71, 512)"
Move,"(71, 511)"
Move,"(71, 510)"
Move,"(71, 510)"
Move,"(71, 509)"
Move,"(71, 508)"
Move,"(71, 507)"
Move,"(71, 507)"
Move,"(71, 506)"
Move,"(71, 505)"
Move,"(71, 505)"
Move,"(71, 505)"
Move,"(71, 505)"
Move,"(71, 506)"
Move,"(71, 506)"
Move,"(71, 507)"
Move,"(71, 508)"
Move,"(71, 509)"
Move,"(71, 510)"
Move,"(71, 511)"
Move,"(71, 512)"
Move,"(70, 512)"
Move,"(70, 513)"
Move,"(70, 514)"
Move,"(70, 515)"
Move,"(70, 516)"
Move,"(69, 517)"
Move,"(69, 519)"
Move,"(69, 520)"
Move,"(69, 521)"
Move,"(68, 522)"
Move,"(68, 524)"
Move,"(68, 525)"
Move,"(68, 527)"
Move,"(68, 527)"
Move,"(68, 529)"
Move,"(68, 530)"
Move,"(68, 531)"
Move,"(67, 533)"
Move,"(67, 533)"
Move,"(67, 534)"
Move,"(67, 535)"
Move,"(67, 536)"
Move,"(66, 536)"
Move,"(66, 537)"
Move,"(66, 538)"
Move,"(66, 538)"
Move,"(66, 539)"
Move,"(65, 539)"
Move,"(65, 539)"
Move,"(65, 539)"
Move,"(65, 538)"
Move,"(65, 537)"
Move,"(65, 537)"
Move,"(65, 535)"
Move,"(66, 533)"
Move,"(66, 533)"
Move,"(66, 531)"
Move,"(66, 530)"
Move,"(66, 529)"
Move,"(67, 527)"
Move,"(67, 526)"
Move,"(67, 524)"
Move,"(67, 523)"
Move,"(67, 522)"
Move,"(67, 520)"
Move,"(67, 519)"
Move,"(67, 517)"
Move,"(67, 516)"
Move,"(67, 515)"
Move,"(67, 514)"
Move,"(67, 513)"
Move,"(67, 512)"
Move,"(67, 510)"
Move,"(67, 509)"
Move,"(67, 508)"
Move,"(67, 507)"
Move,"(67, 506)"
Move,"(67, 505)"
Move,"(67, 504)"
Move,"(67, 504)"
Move,"(67, 503)"
Move,"(67, 502)"
Move,"(67, 502)"
Move,"(67, 501)"
Move,"(67, 501)"
Move,"(67, 501)"
Move,"(67, 502)"
Move,"(67, 503)"
Move,"(67, 503)"
Move,"(67, 505)"
Move,"(67, 507)"
Move,"(67, 507)"
Move,"(67, 509)"
Move,"(67, 510)"
Move,"(67, 512)"
Move,"(67, 514)"
Move,"(67, 514)"
Move,"(67, 516)"
Move,"(67, 517)"
Move,"(67, 519)"
Move,"(67, 521)"
Move,"(67, 522)"
Move,"(67, 524)"
Move,"(67, 524)"
Move,"(67, 526)"
Move,"(67, 528)"
Move,"(67, 528)"
Move,"(67, 529)"
Move,"(67, 530)"
Move,"(67, 530)"
Move,"(67, 531)"
Move,"(67, 532)"
Move,"(67, 533)"
Move,"(67, 533)"
Move,"(67, 534)"
Move,"(67, 535)"
Move,"(67, 535)"
Move,"(67, 536)"
Move,"(67, 537)"
Move,"(67, 537)"
Move,"(67, 536)"
Move,"(68, 536)"
Move,"(68, 534)"
Move,"(68, 533)"
Move,"(68, 532)"
Move,"(68, 530)"
Move,"(68, 529)"
Move,"(68, 528)"
Move,"(68, 527)"
Move,"(69, 525)"
Move,"(69, 523)"
Move,"(69, 522)"
Move,"(69, 520)"
Move,"(69, 518)"
Move,"(69, 517)"
Move,"(69, 516)"
Move,"(70, 515)"
Move,"(70, 514)"
Move,"(70, 512)"
Move,"(70, 512)"
Move,"(70, 510)"
Move,"(70, 509)"
Move,"(70, 509)"
Move,"(70, 507)"
Move,"(70, 506)"
Move,"(70, 506)"
Move,"(70, 505)"
Move,"(70, 504)"
Move,"(70, 504)"
Move,"(70, 503)"
Move,"(70, 503)"
Move,"(70, 503)"
Move,"(70, 504)"
Move,"(70, 505)"
Move,"(70, 505)"
Move,"(70, 506)"
Move,"(70, 507)"
Move,"(70, 508)"
Move,"(70, 510)"
Move,"(70, 512)"
Move,"(70, 513)"
Move,"(70, 515)"
Move,"(70, 516)"
Move,"(70, 518)"
Move,"(70, 520)"
Move,"(70, 521)"
Move,"(70, 524)"
Move,"(70, 525)"
Move,"(70, 527)"
Move,"(70, 529)"
Move,"(70, 530)"
Move,"(70, 532)"
Move,"(70, 533)"
Move,"(70, 535)"
Move,"(70, 537)"
Move,"(70, 537)"
Move,"(70, 539)"
Move,"(70, 541)"
Move,"(70, 541)"
Move,"(70, 542)"
Move,"(69, 544)"
Move,"(69, 544)"
Move,"(69, 545)"
Move,"(69, 546)"
Move,"(69, 546)"
Move,"(69, 547)"
Move,"(69, 548)"
Move,"(68, 548)"
Move,"(68, 549)"
Move,"(67, 550)"
Move,"(67, 551)"
Move,"(67, 550)"
Move,"(67, 549)"
Move,"(68, 549)"
Move,"(68, 547)"
Move,"(69, 546)"
Move,"(70, 545)"
Move,"(70, 544)"
Move,"(71, 543)"
Move,"(71, 542)"
Move,"(72, 541)"
Move,"(73, 541)"
Move,"(74, 540)"
Move,"(75, 540)"
Move,"(76, 539)"
Move,"(77, 538)"
Move,"(77, 538)"
Move,"(79, 537)"
Move,"(80, 537)"
Move,"(80, 537)"
Move,"(81, 537)"
Move,"(83, 536)"
Move,"(83, 536)"
Move,"(84, 535)"
Move,"(85, 535)"
Move,"(86, 534)"
Move,"(87, 534)"
Move,"(88, 534)"
Move,"(88, 534)"
Move,"(90, 534)"
Move,"(91, 534)"
Move,"(91, 534)"
Move,"(93, 534)"
Move,"(94, 534)"
Move,"(94, 534)"
Move,"(96, 534)"
Move,"(97, 534)"
Move,"(99, 534)"
Move,"(100, 534)"
Move,"(101, 534)"
Move,"(103, 534)"
Move,"(104, 534)"
Move,"(106, 535)"
Move,"(109, 535)"
Move,"(111, 536)"
Move,"(112, 537)"
Move,"(114, 538)"
Move,"(117, 539)"
Move,"(119, 540)"
Move,"(121, 540)"
Move,"(124, 541)"
Move,"(127, 543)"
Move,"(129, 544)"
Move,"(132, 546)"
Move,"(134, 548)"
Move,"(137, 550)"
Move,"(141, 552)"
Move,"(144, 553)"
Move,"(148, 555)"
Move,"(150, 557)"
Move,"(153, 560)"
Move,"(156, 562)"
Move,"(160, 565)"
Move,"(163, 568)"
Move,"(166, 570)"
Move,"(169, 573)"
Move,"(173, 576)"
Move,"(176, 579)"
Move,"(179, 581)"
Move,"(182, 584)"
Move,"(186, 588)"
Move,"(189, 590)"
Move,"(192, 593)"
Move,"(196, 596)"
Move,"(201, 601)"
Move,"(204, 604)"
Move,"(208, 606)"
Move,"(212, 610)"
Move,"(215, 613)"
Move,"(220, 616)"
Move,"(222, 619)"
Move,"(228, 623)"
Move,"(231, 626)"
Move,"(234, 629)"
Move,"(238, 632)"
Move,"(243, 635)"
Move,"(247, 638)"
Move,"(251, 642)"
Move,"(256, 645)"
Move,"(262, 648)"
Move,"(266, 653)"
Move,"(271, 656)"
Move,"(277, 661)"
Move,"(281, 664)"
Move,"(285, 667)"
Move,"(290, 671)"
Move,"(295, 674)"
Move,"(301, 678)"
Move,"(306, 681)"
Move,"(311, 684)"
Move,"(317, 688)"
Move,"(323, 691)"
Move,"(329, 695)"
Move,"(333, 698)"
Move,"(341, 703)"
Move,"(346, 706)"
Move,"(351, 709)"
Move,"(358, 712)"
Move,"(364, 716)"
Move,"(370, 719)"
Move,"(375, 722)"
Move,"(383, 727)"
Move,"(387, 730)"
Move,"(391, 732)"
Move,"(397, 736)"
Move,"(403, 739)"
Move,"(409, 741)"
Move,"(413, 745)"
Move,"(419, 747)"
Move,"(425, 750)"
Move,"(430, 753)"
Move,"(435, 756)"
Move,"(440, 759)"
Move,"(446, 762)"
Move,"(450, 765)"
Move,"(455, 767)"
Move,"(460, 770)"
Move,"(465, 773)"
Move,"(469, 775)"
Move,"(473, 777)"
Move,"(479, 780)"
Move,"(483, 782)"
Move,"(487, 784)"
Move,"(491, 786)"
Move,"(497, 789)"
Move,"(501, 791)"
Move,"(505, 793)"
Move,"(509, 795)"
Move,"(515, 798)"
Move,"(519, 799)"
Move,"(523, 801)"
Move,"(529, 805)"
Move,"(533, 806)"
Move,"(536, 807)"
Move,"(541, 809)"
Move,"(546, 810)"
Move,"(550, 812)"
Move,"(554, 813)"
Move,"(558, 814)"
Move,"(563, 815)"
Move,"(567, 816)"
Move,"(571, 817)"
Move,"(574, 818)"
Move,"(579, 819)"
Move,"(582, 820)"
Move,"(585, 821)"
Move,"(589, 822)"
Move,"(592, 823)"
Move,"(596, 823)"
Move,"(599, 824)"
Move,"(604, 824)"
Move,"(605, 824)"
Move,"(608, 825)"
Move,"(612, 825)"
Move,"(614, 825)"
Move,"(617, 826)"
Move,"(620, 826)"
Move,"(623, 827)"
Move,"(626, 827)"
Move,"(629, 828)"
Move,"(631, 828)"
Move,"(633, 829)"
Move,"(636, 829)"
Move,"(639, 829)"
Move,"(640, 830)"
Move,"(643, 830)"
Move,"(645, 830)"
Move,"(646, 831)"
Move,"(648, 831)"
Move,"(651, 831)"
Move,"(651, 831)"
Move,"(654, 831)"
Move,"(655, 831)"
Move,"(657, 832)"
Move,"(659, 832)"
Move,"(659, 832)"
Move,"(661, 833)"
Move,"(662, 833)"
Move,"(664, 833)"
Move,"(665, 833)"
Move,"(666, 834)"
Move,"(668, 834)"
Move,"(669, 834)"
Move,"(670, 835)"
Move,"(671, 835)"
Move,"(672, 835)"
Move,"(673, 835)"
Move,"(674, 835)"
Move,"(675, 835)"
Move,"(676, 835)"
Move,"(677, 835)"
Move,"(677, 836)"
Move,"(678, 836)"
Move,"(679, 836)"
Move,"(680, 836)"
Move,"(680, 836)"
MousePressed,"(680, 836)"
MouseReleased,"(680, 836)"
KeyPressed,Key.ctrl_l
KeyPressed,
KeyReleased,
KeyReleased,Key.ctrl_l
KeyPressed,Key.backspace
KeyPressed,Key.backspace
KeyPressed,Key.backspace
KeyPressed,Key.backspace
KeyPressed,Key.backspace
KeyPressed,Key.backspace
KeyPressed,Key.backspace
KeyPressed,Key.backspace
KeyPressed,Key.backspace
KeyPressed,Key.backspace
KeyPressed,Key.backspace
KeyPressed,Key.backspace
KeyPressed,Key.backspace
KeyPressed,Key.backspace
KeyPressed,Key.backspace
KeyPressed,Key.backspace
KeyPressed,Key.backspace
KeyPressed,Key.backspace
KeyPressed,Key.backspace
KeyPressed,Key.backspace
KeyReleased,Key.backspace
KeyPressed,Key.backspace
KeyReleased,Key.backspace
KeyPressed,Key.backspace
KeyReleased,Key.backspace
KeyPressed,Key.shift
KeyPressed,>
KeyReleased,>
